5 digit BPA ID,Sample Type,Costal Id,Contextual Data Submission Date,Sample Submission Date,Submitter,Work Order,Data Generated,Facility,Archive Ingestion Date,File Name,Comment,Data type,id,omics,description,analytical_platform,dataset_url,in_data_portal,last_modified
102.100.100.58020,Seaweed,CB_ER_170816_3,2017-12-04,2017-12-04,Jessica Taylor,20016,False,,,,,,563,,,,,0,2017-12-21 07:09:29
102.100.100.58019,Seaweed,CB_ER_170816_1,2017-12-04,2017-12-04,Jessica Taylor,20016,False,,,,,,562,,,,,0,2017-12-21 07:09:29
102.100.100.57974,Seaweed,SH_ER_161216_3,2017-09-05,2017-09-27,Jessica Taylor,20016,False,,,,,,561,,,,,0,2017-12-21 07:09:29
102.100.100.57973,Seaweed,SH_ER_161216_2,2017-09-05,2017-09-27,Jessica Taylor,20016,False,,,,,,560,,,,,0,2017-12-21 07:09:29
102.100.100.57972,Seaweed,SH_ER_161216_1,2017-09-05,2017-09-27,Jessica Taylor,20016,False,,,,,,559,,,,,0,2017-12-21 07:09:29
102.100.100.57971,Seaweed,SH_ER_140616_3,2017-09-05,2017-09-27,Jessica Taylor,20016,False,,,,,,558,,,,,0,2017-12-21 07:09:29
102.100.100.57969,Seaweed,SH_ER_110816_1,2017-09-05,2017-09-27,Jessica Taylor,20016,False,,,,,,557,,,,,0,2017-12-21 07:09:29
102.100.100.57968,Seaweed,SH_ER_070217_3,2017-09-05,2017-09-27,Jessica Taylor,20016,False,,,,,,556,,,,,0,2017-12-21 07:09:28
102.100.100.57967,Seaweed,SH_ER_070217_2,2017-09-05,2017-09-27,Jessica Taylor,20016,False,,,,,,555,,,,,0,2017-12-21 07:09:28
102.100.100.57966,Seaweed,SH_ER_061016_3,2017-09-05,2017-09-27,Jessica Taylor,20016,False,,,,,,554,,,,,0,2017-12-21 07:09:28
102.100.100.57965,Seaweed,SH_ER_061016_2,2017-09-05,2017-09-27,Jessica Taylor,20016,False,,,,,,553,,,,,0,2017-12-21 07:09:28
102.100.100.57964,Seaweed,SH_ER_061016_1,2017-09-05,2017-09-27,Jessica Taylor,20016,False,,,,,,552,,,,,0,2017-12-21 07:09:28
102.100.100.57963,Seaweed,SH_ER_050716_3,2017-09-05,2017-09-27,Jessica Taylor,20016,False,,,,,,551,,,,,0,2017-12-21 07:09:28
102.100.100.57962,Seaweed,SH_ER_050716_2,2017-09-05,2017-09-27,Jessica Taylor,20016,False,,,,,,550,,,,,0,2017-12-21 07:09:28
102.100.100.57961,Seaweed,SH_ER_050716_1,2017-09-05,2017-09-27,Jessica Taylor,20016,False,,,,,,549,,,,,0,2017-12-21 07:09:28
102.100.100.57960,Seaweed,SH_ER_050617_3,2017-09-05,2017-09-27,Jessica Taylor,20016,False,,,,,,548,,,,,0,2017-12-21 07:09:28
102.100.100.57959,Seaweed,SH_ER_050617_1,2017-09-05,2017-09-27,Jessica Taylor,20016,False,,,,,,547,,,,,0,2017-12-21 07:09:28
102.100.100.57958,Seaweed,SH_ER_050417_3,2017-09-05,2017-09-27,Jessica Taylor,20016,False,,,,,,546,,,,,0,2017-12-21 07:09:28
102.100.100.57956,Seaweed,SH_ER_050417_1,2017-09-05,2017-09-27,Jessica Taylor,20016,False,,,,,,545,,,,,0,2017-12-21 07:09:28
102.100.100.57955,Seaweed,SH_ER_050416_3,2017-09-05,2017-09-27,Jessica Taylor,20016,False,,,,,,544,,,,,0,2017-12-21 07:09:28
102.100.100.57954,Seaweed,SH_ER_050416_2,2017-09-05,2017-09-27,Jessica Taylor,20016,False,,,,,,543,,,,,0,2017-12-21 07:09:28
102.100.100.57953,Seaweed,SH_ER_050416_1,2017-09-05,2017-09-27,Jessica Taylor,20016,False,,,,,,542,,,,,0,2017-12-21 07:09:28
102.100.100.57952,Seaweed,CB_ER_170816_2,2017-09-05,2017-09-27,Jessica Taylor,20016,False,,,,,,541,,,,,0,2017-12-21 07:09:28
102.100.100.57951,Seaweed,CB_ER_141216_3,2017-09-05,2017-09-27,Jessica Taylor,20016,False,,,,,,540,,,,,0,2017-12-21 07:09:28
102.100.100.57950,Seaweed,CB_ER_141216_2,2017-09-05,2017-09-27,Jessica Taylor,20016,False,,,,,,539,,,,,0,2017-12-21 07:09:28
102.100.100.57949,Seaweed,CB_ER_141216_1,2017-09-05,2017-09-27,Jessica Taylor,20016,False,,,,,,538,,,,,0,2017-12-21 07:09:28
102.100.100.57948,Seaweed,CB_ER_130617_3,2017-09-05,2017-09-27,Jessica Taylor,20016,False,,,,,,537,,,,,0,2017-12-21 07:09:28
102.100.100.57947,Seaweed,CB_ER_130617_2,2017-09-05,2017-09-27,Jessica Taylor,20016,False,,,,,,536,,,,,0,2017-12-21 07:09:28
102.100.100.57946,Seaweed,CB_ER_130617_1,2017-09-05,2017-09-27,Jessica Taylor,20016,False,,,,,,535,,,,,0,2017-12-21 07:09:28
102.100.100.57945,Seaweed,CB_ER_080416_3,2017-09-05,2017-09-27,Jessica Taylor,20016,False,,,,,,534,,,,,0,2017-12-21 07:09:28
102.100.100.57944,Seaweed,CB_ER_080416_2,2017-09-05,2017-09-27,Jessica Taylor,20016,False,,,,,,533,,,,,0,2017-12-21 07:09:28
102.100.100.57943,Seaweed,CB_ER_080416_1,2017-09-05,2017-09-27,Jessica Taylor,20016,False,,,,,,532,,,,,0,2017-12-21 07:09:28
102.100.100.57942,Seaweed,CB_ER_080217_3,2017-09-05,2017-09-27,Jessica Taylor,20016,False,,,,,,531,,,,,0,2017-12-21 07:09:28
102.100.100.57941,Seaweed,CB_ER_080217_2,2017-09-05,2017-09-27,Jessica Taylor,20016,False,,,,,,530,,,,,0,2017-12-21 07:09:28
102.100.100.57940,Seaweed,CB_ER_080217_1,2017-09-05,2017-09-27,Jessica Taylor,20016,False,,,,,,529,,,,,0,2017-12-21 07:09:28
102.100.100.57939,Seaweed,CB_ER_070716_2,2017-09-05,2017-09-27,Jessica Taylor,20016,False,,,,,,528,,,,,0,2017-12-21 07:09:28
102.100.100.57938,Seaweed,CB_ER_070716_1,2017-09-05,2017-09-27,Jessica Taylor,20016,False,,,,,,527,,,,,0,2017-12-21 07:09:28
102.100.100.57936,Seaweed,CB_ER_040417_3,2017-09-05,2017-09-27,Jessica Taylor,20016,False,,,,,,526,,,,,0,2017-12-21 07:09:28
102.100.100.57935,Seaweed,CB_ER_040417_2,2017-09-05,2017-09-27,Jessica Taylor,20016,False,,,,,,525,,,,,0,2017-12-21 07:09:28
102.100.100.57934,Seaweed,CB_ER_040417_1,2017-09-05,2017-09-27,Jessica Taylor,20016,False,,,,,,524,,,,,0,2017-12-21 07:09:28
102.100.100.57933,Seaweed,BI_ER_161216_2,2017-09-05,2017-09-27,Jessica Taylor,20016,False,,,,,,523,,,,,0,2017-12-21 07:09:28
102.100.100.57932,Seaweed,BI_ER_161216_1,2017-09-05,2017-09-27,Jessica Taylor,20016,False,,,,,,522,,,,,0,2017-12-21 07:09:28
102.100.100.57931,Seaweed,BI_ER_140616_3,2017-09-05,2017-09-27,Jessica Taylor,20016,False,,,,,,521,,,,,0,2017-12-21 07:09:28
102.100.100.57930,Seaweed,BI_ER_140616_2,2017-09-05,2017-09-27,Jessica Taylor,20016,False,,,,,,520,,,,,0,2017-12-21 07:09:28
102.100.100.57929,Seaweed,BI_ER_140616_1,2017-09-05,2017-09-27,Jessica Taylor,20016,False,,,,,,519,,,,,0,2017-12-21 07:09:28
102.100.100.57928,Seaweed,BI_ER_110816_2,2017-09-05,2017-09-27,Jessica Taylor,20016,False,,,,,,518,,,,,0,2017-12-21 07:09:28
102.100.100.57927,Seaweed,BI_ER_110816_1,2017-09-05,2017-09-27,Jessica Taylor,20016,False,,,,,,517,,,,,0,2017-12-21 07:09:28
102.100.100.57926,Seaweed,BI_ER_070616_3,2017-09-05,2017-09-27,Jessica Taylor,20016,False,,,,,,516,,,,,0,2017-12-21 07:09:28
102.100.100.57925,Seaweed,BI_ER_070616_2,2017-09-05,2017-09-27,Jessica Taylor,20016,False,,,,,,515,,,,,0,2017-12-21 07:09:28
102.100.100.57924,Seaweed,BI_ER_070616_1,2017-09-05,2017-09-27,Jessica Taylor,20016,False,,,,,,514,,,,,0,2017-12-21 07:09:28
102.100.100.57923,Seaweed,BI_ER_070217_3,2017-09-05,2017-09-27,Jessica Taylor,20016,False,,,,,,513,,,,,0,2017-12-21 07:09:28
102.100.100.57922,Seaweed,BI_ER_061016_3,2017-09-05,2017-09-27,Jessica Taylor,20016,False,,,,,,512,,,,,0,2017-12-21 07:09:28
102.100.100.57921,Seaweed,BI_ER_061016_1,2017-09-05,2017-09-27,Jessica Taylor,20016,False,,,,,,511,,,,,0,2017-12-21 07:09:28
102.100.100.57920,Seaweed,BI_ER_050716_3,2017-09-05,2017-09-27,Jessica Taylor,20016,False,,,,,,510,,,,,0,2017-12-21 07:09:28
102.100.100.57919,Seaweed,BI_ER_050716_2,2017-09-05,2017-09-27,Jessica Taylor,20016,False,,,,,,509,,,,,0,2017-12-21 07:09:28
102.100.100.57918,Seaweed,BI_ER_050716_1,2017-09-05,2017-09-27,Jessica Taylor,20016,False,,,,,,508,,,,,0,2017-12-21 07:09:28
102.100.100.57917,Seaweed,BI_ER_050617_3,2017-09-05,2017-09-27,Jessica Taylor,20016,False,,,,,,507,,,,,0,2017-12-21 07:09:28
102.100.100.57916,Seaweed,BI_ER_050617_2,2017-09-05,2017-09-27,Jessica Taylor,20016,False,,,,,,506,,,,,0,2017-12-21 07:09:28
102.100.100.57915,Seaweed,BI_ER_050617_1,2017-09-05,2017-09-27,Jessica Taylor,20016,False,,,,,,505,,,,,0,2017-12-21 07:09:28
102.100.100.57914,Seaweed,BI_ER_050417_3,2017-09-05,2017-09-27,Jessica Taylor,20016,False,,,,,,504,,,,,0,2017-12-21 07:09:28
102.100.100.57913,Seaweed,BI_ER_050417_2,2017-09-05,2017-09-27,Jessica Taylor,20016,False,,,,,,503,,,,,0,2017-12-21 07:09:28
102.100.100.57912,Seaweed,BI_ER_050416_3,2017-09-05,2017-09-27,Jessica Taylor,20016,False,,,,,,502,,,,,0,2017-12-21 07:09:28
102.100.100.57911,Seaweed,BI_ER_050416_2,2017-09-05,2017-09-27,Jessica Taylor,20016,False,,,,,,501,,,,,0,2017-12-21 07:09:28
102.100.100.57910,Seaweed,BH_ER_161216_3,2017-09-05,2017-09-27,Jessica Taylor,20016,False,,,,,,500,,,,,0,2017-12-21 07:09:28
102.100.100.57909,Seaweed,BH_ER_161216_1,2017-09-05,2017-09-27,Jessica Taylor,20016,False,,,,,,499,,,,,0,2017-12-21 07:09:28
102.100.100.57908,Seaweed,BH_ER_140616_3,2017-09-05,2017-09-27,Jessica Taylor,20016,False,,,,,,498,,,,,0,2017-12-21 07:09:28
102.100.100.57907,Seaweed,BH_ER_140616_2,2017-09-05,2017-09-27,Jessica Taylor,20016,False,,,,,,497,,,,,0,2017-12-21 07:09:28
102.100.100.57906,Seaweed,BH_ER_140616_1,2017-09-05,2017-09-27,Jessica Taylor,20016,False,,,,,,496,,,,,0,2017-12-21 07:09:28
102.100.100.57905,Seaweed,BH_ER_110816_3,2017-09-05,2017-09-27,Jessica Taylor,20016,False,,,,,,495,,,,,0,2017-12-21 07:09:28
102.100.100.57904,Seaweed,BH_ER_110816_2,2017-09-05,2017-09-27,Jessica Taylor,20016,False,,,,,,494,,,,,0,2017-12-21 07:09:28
102.100.100.57903,Seaweed,BH_ER_110816_1,2017-09-05,2017-09-27,Jessica Taylor,20016,False,,,,,,493,,,,,0,2017-12-21 07:09:28
102.100.100.57902,Seaweed,BH_ER_070616_3,2017-09-05,2017-09-27,Jessica Taylor,20016,False,,,,,,492,,,,,0,2017-12-21 07:09:28
102.100.100.57901,Seaweed,BH_ER_070616_2,2017-09-05,2017-09-27,Jessica Taylor,20016,False,,,,,,491,,,,,0,2017-12-21 07:09:28
102.100.100.57900,Seaweed,BH_ER_070616_1,2017-09-05,2017-09-27,Jessica Taylor,20016,False,,,,,,490,,,,,0,2017-12-21 07:09:28
102.100.100.57899,Seaweed,BH_ER_070217_3,2017-09-05,2017-09-27,Jessica Taylor,20016,False,,,,,,489,,,,,0,2017-12-21 07:09:28
102.100.100.57898,Seaweed,BH_ER_070217_1,2017-09-05,2017-09-27,Jessica Taylor,20016,False,,,,,,488,,,,,0,2017-12-21 07:09:28
102.100.100.57897,Seaweed,BH_ER_061016_3,2017-09-05,2017-09-27,Jessica Taylor,20016,False,,,,,,487,,,,,0,2017-12-21 07:09:28
102.100.100.57896,Seaweed,BH_ER_061016_2,2017-09-05,2017-09-27,Jessica Taylor,20016,False,,,,,,486,,,,,0,2017-12-21 07:09:28
102.100.100.57895,Seaweed,BH_ER_060416_3,2017-09-05,2017-09-27,Jessica Taylor,20016,False,,,,,,485,,,,,0,2017-12-21 07:09:28
102.100.100.57894,Seaweed,BH_ER_060416_2,2017-09-05,2017-09-27,Jessica Taylor,20016,False,,,,,,484,,,,,0,2017-12-21 07:09:28
102.100.100.57893,Seaweed,BH_ER_060416_1,2017-09-05,2017-09-27,Jessica Taylor,20016,False,,,,,,483,,,,,0,2017-12-21 07:09:28
102.100.100.57892,Seaweed,BH_ER_050716_3,2017-09-05,2017-09-27,Jessica Taylor,20016,False,,,,,,482,,,,,0,2017-12-21 07:09:28
102.100.100.57891,Seaweed,BH_ER_050716_2,2017-09-05,2017-09-27,Jessica Taylor,20016,False,,,,,,481,,,,,0,2017-12-21 07:09:28
102.100.100.57890,Seaweed,BH_ER_050716_1,2017-09-05,2017-09-27,Jessica Taylor,20016,False,,,,,,480,,,,,0,2017-12-21 07:09:28
102.100.100.57889,Seaweed,BH_ER_050617_3,2017-09-05,2017-09-27,Jessica Taylor,20016,False,,,,,,479,,,,,0,2017-12-21 07:09:28
102.100.100.57888,Seaweed,BH_ER_050617_2,2017-09-05,2017-09-27,Jessica Taylor,20016,False,,,,,,478,,,,,0,2017-12-21 07:09:28
102.100.100.57887,Seaweed,BH_ER_050617_1,2017-09-05,2017-09-27,Jessica Taylor,20016,False,,,,,,477,,,,,0,2017-12-21 07:09:28
102.100.100.57886,Seaweed,BH_ER_050417_3,2017-09-05,2017-09-27,Jessica Taylor,20016,False,,,,,,476,,,,,0,2017-12-21 07:09:28
102.100.100.57885,Seaweed,BH_ER_050417_2,2017-09-05,2017-09-27,Jessica Taylor,20016,False,,,,,,475,,,,,0,2017-12-21 07:09:28
102.100.100.57884,Seaweed,BH_ER_050417_1,2017-09-05,2017-09-27,Jessica Taylor,20016,False,,,,,,474,,,,,0,2017-12-21 07:09:28
102.100.100.35579,Open Water,,2017-09-23,2017-09-26,Jodie van de Kamp,20017,False,,,,,,473,,,,,0,2017-12-21 07:09:28
102.100.100.35576,Open Water,,2017-09-23,2017-09-26,Jodie van de Kamp,20017,False,,,,,,472,,,,,0,2017-12-21 07:09:28
102.100.100.35575,Open Water,,2017-09-23,2017-09-26,Jodie van de Kamp,20017,False,,,,,,471,,,,,0,2017-12-21 07:09:28
102.100.100.35572,Open Water,,2017-09-23,2017-09-26,Jodie van de Kamp,20017,False,,,,,,470,,,,,0,2017-12-21 07:09:28
102.100.100.35571,Open Water,,2017-09-23,2017-09-26,Jodie van de Kamp,20017,False,,,,,,469,,,,,0,2017-12-21 07:09:28
102.100.100.35568,Open Water,,2017-09-23,2017-09-26,Jodie van de Kamp,20017,False,,,,,,468,,,,,0,2017-12-21 07:09:28
102.100.100.35567,Open Water,,2017-09-23,2017-09-26,Jodie van de Kamp,20017,False,,,,,,467,,,,,0,2017-12-21 07:09:28
102.100.100.35564,Open Water,,2017-09-23,2017-09-26,Jodie van de Kamp,20017,False,,,,,,466,,,,,0,2017-12-21 07:09:28
102.100.100.35563,Open Water,,2017-09-23,2017-09-26,Jodie van de Kamp,20017,False,,,,,,465,,,,,0,2017-12-21 07:09:28
102.100.100.35560,Open Water,,2017-09-23,2017-09-26,Jodie van de Kamp,20017,False,,,,,,464,,,,,0,2017-12-21 07:09:28
102.100.100.35559,Open Water,,2017-09-23,2017-09-26,Jodie van de Kamp,20017,False,,,,,,463,,,,,0,2017-12-21 07:09:28
102.100.100.35556,Open Water,,2017-09-23,2017-09-26,Jodie van de Kamp,20017,False,,,,,,462,,,,,0,2017-12-21 07:09:28
102.100.100.35555,Open Water,,2017-09-23,2017-09-26,Jodie van de Kamp,20017,False,,,,,,461,,,,,0,2017-12-21 07:09:28
102.100.100.35550,Open Water,,2017-09-23,2017-09-26,Jodie van de Kamp,20017,False,,,,,,460,,,,,0,2017-12-21 07:09:28
102.100.100.35549,Open Water,,2017-09-23,2017-09-26,Jodie van de Kamp,20017,False,,,,,,459,,,,,0,2017-12-21 07:09:28
102.100.100.35544,Open Water,,2017-09-23,2017-09-26,Jodie van de Kamp,20017,False,,,,,,458,,,,,0,2017-12-21 07:09:28
102.100.100.35543,Open Water,,2017-09-23,2017-09-26,Jodie van de Kamp,20017,False,,,,,,457,,,,,0,2017-12-21 07:09:28
102.100.100.35538,Open Water,,2017-09-23,2017-09-26,Jodie van de Kamp,20017,False,,,,,,456,,,,,0,2017-12-21 07:09:28
102.100.100.35537,Open Water,,2017-09-23,2017-09-26,Jodie van de Kamp,20017,False,,,,,,455,,,,,0,2017-12-21 07:09:28
102.100.100.35532,Open Water,,2017-09-23,2017-09-26,Jodie van de Kamp,20017,False,,,,,,454,,,,,0,2017-12-21 07:09:28
102.100.100.35531,Open Water,,2017-09-23,2017-09-26,Jodie van de Kamp,20017,False,,,,,,453,,,,,0,2017-12-21 07:09:28
102.100.100.35526,Open Water,,2017-09-23,2017-09-26,Jodie van de Kamp,20017,False,,,,,,452,,,,,0,2017-12-21 07:09:28
102.100.100.35525,Open Water,,2017-09-23,2017-09-26,Jodie van de Kamp,20017,False,,,,,,451,,,,,0,2017-12-21 07:09:28
102.100.100.35520,Open Water,,2017-09-23,2017-09-26,Jodie van de Kamp,20017,False,,,,,,450,,,,,0,2017-12-21 07:09:28
102.100.100.35519,Open Water,,2017-09-23,2017-09-26,Jodie van de Kamp,20017,False,,,,,,449,,,,,0,2017-12-21 07:09:28
102.100.100.35514,Open Water,,2017-09-23,2017-09-26,Jodie van de Kamp,20017,False,,,,,,448,,,,,0,2017-12-21 07:09:28
102.100.100.35513,Open Water,,2017-09-23,2017-09-26,Jodie van de Kamp,20017,False,,,,,,447,,,,,0,2017-12-21 07:09:28
102.100.100.35508,Open Water,,2017-09-23,2017-09-26,Jodie van de Kamp,20017,False,,,,,,446,,,,,0,2017-12-21 07:09:28
102.100.100.35507,Open Water,,2017-09-23,2017-09-26,Jodie van de Kamp,20017,False,,,,,,445,,,,,0,2017-12-21 07:09:28
102.100.100.35502,Open Water,,2017-09-23,2017-09-26,Jodie van de Kamp,20017,False,,,,,,444,,,,,0,2017-12-21 07:09:28
102.100.100.35501,Open Water,,2017-09-23,2017-09-26,Jodie van de Kamp,20017,False,,,,,,443,,,,,0,2017-12-21 07:09:28
102.100.100.35496,Open Water,,2017-09-23,2017-09-26,Jodie van de Kamp,20017,False,,,,,,442,,,,,0,2017-12-21 07:09:28
102.100.100.35495,Open Water,,2017-09-23,2017-09-26,Jodie van de Kamp,20017,False,,,,,,441,,,,,0,2017-12-21 07:09:28
102.100.100.35490,Open Water,,2017-09-23,2017-09-26,Jodie van de Kamp,20017,False,,,,,,440,,,,,0,2017-12-21 07:09:28
102.100.100.35489,Open Water,,2017-09-23,2017-09-26,Jodie van de Kamp,20017,False,,,,,,439,,,,,0,2017-12-21 07:09:28
102.100.100.35484,Open Water,,2017-09-23,2017-09-26,Jodie van de Kamp,20017,False,,,,,,438,,,,,0,2017-12-21 07:09:28
102.100.100.35483,Open Water,,2017-09-23,2017-09-26,Jodie van de Kamp,20017,False,,,,,,437,,,,,0,2017-12-21 07:09:28
102.100.100.35478,Open Water,,2017-09-23,2017-09-26,Jodie van de Kamp,20017,False,,,,,,436,,,,,0,2017-12-21 07:09:28
102.100.100.35471,Open Water,,2017-09-23,2017-09-26,Jodie van de Kamp,20017,False,,,,,,435,,,,,0,2017-12-21 07:09:28
102.100.100.35466,Open Water,,2017-09-23,2017-09-26,Jodie van de Kamp,20017,False,,,,,,434,,,,,0,2017-12-21 07:09:28
102.100.100.35465,Open Water,,2017-09-23,2017-09-26,Jodie van de Kamp,20017,False,,,,,,433,,,,,0,2017-12-21 07:09:28
102.100.100.35460,Open Water,,2017-09-23,2017-09-26,Jodie van de Kamp,20017,False,,,,,,432,,,,,0,2017-12-21 07:09:28
102.100.100.35459,Open Water,,2017-09-23,2017-09-26,Jodie van de Kamp,20017,False,,,,,,431,,,,,0,2017-12-21 07:09:28
102.100.100.35454,Open Water,,2017-09-23,2017-09-26,Jodie van de Kamp,20017,False,,,,,,430,,,,,0,2017-12-21 07:09:28
102.100.100.35453,Open Water,,2017-09-23,2017-09-26,Jodie van de Kamp,20017,False,,,,,,429,,,,,0,2017-12-21 07:09:28
102.100.100.35448,Open Water,,2017-09-23,2017-09-26,Jodie van de Kamp,20017,False,,,,,,428,,,,,0,2017-12-21 07:09:28
102.100.100.35447,Open Water,,2017-09-23,2017-09-26,Jodie van de Kamp,20017,False,,,,,,427,,,,,0,2017-12-21 07:09:28
102.100.100.35442,Open Water,,2017-09-23,2017-09-26,Jodie van de Kamp,20017,False,,,,,,426,,,,,0,2017-12-21 07:09:28
102.100.100.35441,Open Water,,2017-09-23,2017-09-26,Jodie van de Kamp,20017,False,,,,,,425,,,,,0,2017-12-21 07:09:28
102.100.100.35436,Open Water,,2017-09-23,2017-09-26,Jodie van de Kamp,20017,False,,,,,,424,,,,,0,2017-12-21 07:09:28
102.100.100.35435,Open Water,,2017-09-23,2017-09-26,Jodie van de Kamp,20017,False,,,,,,423,,,,,0,2017-12-21 07:09:28
102.100.100.35430,Open Water,,2017-09-23,2017-09-26,Jodie van de Kamp,20017,False,,,,,,422,,,,,0,2017-12-21 07:09:28
102.100.100.35429,Open Water,,2017-09-23,2017-09-26,Jodie van de Kamp,20017,False,,,,,,421,,,,,0,2017-12-21 07:09:28
102.100.100.35424,Open Water,,2017-09-23,2017-09-26,Jodie van de Kamp,20017,False,,,,,,420,,,,,0,2017-12-21 07:09:28
102.100.100.35423,Open Water,,2017-09-23,2017-09-26,Jodie van de Kamp,20017,False,,,,,,419,,,,,0,2017-12-21 07:09:28
102.100.100.35418,Open Water,,2017-09-23,2017-09-26,Jodie van de Kamp,20017,False,,,,,,418,,,,,0,2017-12-21 07:09:28
102.100.100.35417,Open Water,,2017-09-23,2017-09-26,Jodie van de Kamp,20017,False,,,,,,417,,,,,0,2017-12-21 07:09:28
102.100.100.35412,Open Water,,2017-09-23,2017-09-26,Jodie van de Kamp,20017,False,,,,,,416,,,,,0,2017-12-21 07:09:28
102.100.100.35411,Open Water,,2017-09-23,2017-09-26,Jodie van de Kamp,20017,False,,,,,,415,,,,,0,2017-12-21 07:09:28
102.100.100.35406,Open Water,,2017-09-23,2017-09-26,Jodie van de Kamp,20017,False,,,,,,414,,,,,0,2017-12-21 07:09:28
102.100.100.35405,Open Water,,2017-09-23,2017-09-26,Jodie van de Kamp,20017,False,,,,,,413,,,,,0,2017-12-21 07:09:28
102.100.100.35400,Open Water,,2017-09-23,2017-09-26,Jodie van de Kamp,20017,False,,,,,,412,,,,,0,2017-12-21 07:09:28
102.100.100.35399,Open Water,,2017-09-23,2017-09-26,Jodie van de Kamp,20017,False,,,,,,411,,,,,0,2017-12-21 07:09:28
102.100.100.35394,Open Water,,2017-09-23,2017-09-26,Jodie van de Kamp,20017,False,,,,,,410,,,,,0,2017-12-21 07:09:28
102.100.100.35393,Open Water,,2017-09-23,2017-09-26,Jodie van de Kamp,20017,False,,,,,,409,,,,,0,2017-12-21 07:09:28
102.100.100.35388,Open Water,,2017-09-23,2017-09-26,Jodie van de Kamp,20017,False,,,,,,408,,,,,0,2017-12-21 07:09:28
102.100.100.35387,Open Water,,2017-09-23,2017-09-26,Jodie van de Kamp,20017,False,,,,,,407,,,,,0,2017-12-21 07:09:28
102.100.100.35382,Open Water,,2017-09-23,2017-09-26,Jodie van de Kamp,20017,False,,,,,,406,,,,,0,2017-12-21 07:09:28
102.100.100.35381,Open Water,,2017-09-23,2017-09-26,Jodie van de Kamp,20017,False,,,,,,405,,,,,0,2017-12-21 07:09:28
102.100.100.35379,Open Water,,2017-09-23,2017-09-26,Jodie van de Kamp,20017,False,,,,,,404,,,,,0,2017-12-21 07:09:28
102.100.100.35378,Open Water,,2017-09-23,2017-09-26,Jodie van de Kamp,20017,False,,,,,,403,,,,,0,2017-12-21 07:09:28
102.100.100.35376,Open Water,,2017-09-23,2017-09-26,Jodie van de Kamp,20017,False,,,,,,402,,,,,0,2017-12-21 07:09:28
102.100.100.35375,Open Water,,2017-09-23,2017-09-26,Jodie van de Kamp,20017,False,,,,,,401,,,,,0,2017-12-21 07:09:28
102.100.100.35373,Open Water,,2017-09-23,2017-09-26,Jodie van de Kamp,20017,False,,,,,,400,,,,,0,2017-12-21 07:09:28
102.100.100.35372,Open Water,,2017-09-23,2017-09-26,Jodie van de Kamp,20017,False,,,,,,399,,,,,0,2017-12-21 07:09:28
102.100.100.35370,Open Water,,2017-09-23,2017-09-26,Jodie van de Kamp,20017,False,,,,,,398,,,,,0,2017-12-21 07:09:27
102.100.100.35369,Open Water,,2017-09-23,2017-09-26,Jodie van de Kamp,20017,False,,,,,,397,,,,,0,2017-12-21 07:09:27
102.100.100.35367,Open Water,,2017-09-23,2017-09-26,Jodie van de Kamp,20017,False,,,,,,396,,,,,0,2017-12-21 07:09:27
102.100.100.35366,Open Water,,2017-09-23,2017-09-26,Jodie van de Kamp,20017,False,,,,,,395,,,,,0,2017-12-21 07:09:27
102.100.100.35364,Open Water,,2017-09-23,2017-09-26,Jodie van de Kamp,20017,False,,,,,,394,,,,,0,2017-12-21 07:09:27
102.100.100.35363,Open Water,,2017-09-23,2017-09-26,Jodie van de Kamp,20017,False,,,,,,393,,,,,0,2017-12-21 07:09:27
102.100.100.35361,Open Water,,2017-09-23,2017-09-26,Jodie van de Kamp,20017,False,,,,,,392,,,,,0,2017-12-21 07:09:27
102.100.100.35360,Open Water,,2017-09-23,2017-09-26,Jodie van de Kamp,20017,False,,,,,,391,,,,,0,2017-12-21 07:09:27
102.100.100.35358,Open Water,,2017-09-23,2017-09-26,Jodie van de Kamp,20017,False,,,,,,390,,,,,0,2017-12-21 07:09:27
102.100.100.35357,Open Water,,2017-09-23,2017-09-26,Jodie van de Kamp,20017,False,,,,,,389,,,,,0,2017-12-21 07:09:27
102.100.100.35355,Open Water,,2017-09-23,2017-09-26,Jodie van de Kamp,20017,False,,,,,,388,,,,,0,2017-12-21 07:09:27
102.100.100.36116,Open Water,,2017-04-26,2017-04-26,Martin Ostrowski,n/a,True,Ramaciotti,2017-07-17,36116_1_PE_700bp_MM_UNSW_HTCGWBCXY_CGATCAGT-CCTAGAGT,,,387,,,,,0,2017-12-21 07:09:27
102.100.100.36115,Open Water,,2017-04-26,2017-04-26,Martin Ostrowski,n/a,True,Ramaciotti,2017-07-17,36115_1_PE_700bp_MM_UNSW_HTCGWBCXY_CGATCAGT-TTCTAGCT,,,386,,,,,0,2017-12-21 07:09:27
102.100.100.36114,Open Water,,2017-04-26,2017-04-26,Martin Ostrowski,n/a,True,Ramaciotti,2017-07-17,36114_1_PE_700bp_MM_UNSW_HTCGWBCXY_CGATCAGT-TCGACTAG,,,385,,,,,0,2017-12-21 07:09:27
102.100.100.36113,Open Water,,2017-04-26,2017-04-26,Martin Ostrowski,n/a,True,Ramaciotti,2017-07-17,36113_1_PE_700bp_MM_UNSW_HTCGWBCXY_CCTAAGAC-TTATGCGA,,,384,,,,,0,2017-12-21 07:09:27
102.100.100.36112,Open Water,,2017-04-26,2017-04-26,Martin Ostrowski,n/a,True,Ramaciotti,2017-07-17,36112_1_PE_700bp_MM_UNSW_HTCGWBCXY_CCTAAGAC-GAGCCTTA,,,383,,,,,0,2017-12-21 07:09:27
102.100.100.36111,Open Water,,2017-04-26,2017-04-26,Martin Ostrowski,n/a,True,Ramaciotti,2017-07-17,36111_1_PE_700bp_MM_UNSW_HTCGWBCXY_CCTAAGAC-AAGGCTAT,,,382,,,,,0,2017-12-21 07:09:27
102.100.100.36110,Open Water,,2017-04-26,2017-04-26,Martin Ostrowski,n/a,True,Ramaciotti,2017-07-17,36110_1_PE_700bp_MM_UNSW_HTCGWBCXY_CCTAAGAC-CTATTAAG,,,381,,,,,0,2017-12-21 07:09:27
102.100.100.36109,Open Water,,2017-04-26,2017-04-26,Martin Ostrowski,n/a,True,Ramaciotti,2017-07-17,36109_1_PE_700bp_MM_UNSW_HTCGWBCXY_CCTAAGAC-GCGTAAGA,,,380,,,,,0,2017-12-21 07:09:27
102.100.100.36108,Open Water,,2017-04-26,2017-04-26,Martin Ostrowski,n/a,True,Ramaciotti,2017-07-17,36108_1_PE_700bp_MM_UNSW_HTCGWBCXY_CCTAAGAC-CCTAGAGT,,,379,,,,,0,2017-12-21 07:09:27
102.100.100.36079,Open Water,,2017-04-26,2017-04-26,Martin Ostrowski,20008,True,Ramaciotti,2017-07-17,36079_1_PE_700bp_MM_UNSW_HTFNCBCXY_CCTAAGAC-TTCTAGCT,,,378,,,,,0,2017-12-21 07:09:27
102.100.100.36074,Open Water,,2017-04-26,2017-04-26,Martin Ostrowski,20008,True,Ramaciotti,2017-07-17,36074_1_PE_700bp_MM_UNSW_HTFNCBCXY_CCTAAGAC-TCGACTAG,,,377,,,,,0,2017-12-21 07:09:27
102.100.100.36069,Open Water,,2017-04-26,2017-04-26,Martin Ostrowski,20008,True,Ramaciotti,2017-07-17,36069_1_PE_700bp_MM_UNSW_HM35MBCXY_ACTGAGCG-TTATGCGA,,,376,,,,,0,2017-12-21 07:09:27
102.100.100.36064,Open Water,,2017-04-26,2017-04-26,Martin Ostrowski,20008,True,Ramaciotti,2017-07-17,36064_1_PE_700bp_MM_UNSW_HM35MBCXY_ACTGAGCG-GAGCCTTA,,,375,,,,,0,2017-12-21 07:09:27
102.100.100.36060,Open Water,,2017-04-26,2017-04-26,Martin Ostrowski,20008,True,Ramaciotti,,n/a,,,374,,,,,0,2017-12-21 07:09:27
102.100.100.36057,Open Water,,2017-04-26,2017-04-26,Martin Ostrowski,20008,True,Ramaciotti,2017-07-17,36057_1_PE_700bp_MM_UNSW_HKGL3BCXY_ACTGAGCG-CTATTAAG,,,373,,,,,0,2017-12-21 07:09:27
102.100.100.36053,Open Water,,2017-04-26,2017-04-26,Martin Ostrowski,20008,True,Ramaciotti,2017-07-17,36053_1_PE_700bp_MM_UNSW_HKGL3BCXY_ACTGAGCG-GCGTAAGA,,,372,,,,,0,2017-12-21 07:09:27
102.100.100.36052,Open Water,,2017-04-26,2017-04-26,Martin Ostrowski,20008,True,Ramaciotti,2017-07-17,36052_1_PE_700bp_MM_UNSW_HKGL3BCXY_ACTGAGCG-CCTAGAGT,,,371,,,,,0,2017-12-21 07:09:27
102.100.100.36020,Open Water,,2017-04-26,2017-04-26,Martin Ostrowski,20008,True,Ramaciotti,2017-07-17,36020_1_PE_700bp_MM_UNSW_HTFNCBCXY_ACTGAGCG-TTCTAGCT,,,370,,,,,0,2017-12-21 07:09:27
102.100.100.36016,Open Water,,2017-04-26,2017-04-26,Martin Ostrowski,20008,True,Ramaciotti,2017-07-17,36016_1_PE_700bp_MM_UNSW_HTFNCBCXY_ACTGAGCG-TCGACTAG,,,369,,,,,0,2017-12-21 07:09:27
102.100.100.36015,Open Water,,2017-04-26,2017-04-26,Martin Ostrowski,20008,True,Ramaciotti,2017-07-17,36015_1_PE_700bp_MM_UNSW_HM35MBCXY_TAGCGCTC-TTATGCGA,,,368,,,,,0,2017-12-21 07:09:27
102.100.100.36014,Open Water,,2017-04-26,2017-04-26,Martin Ostrowski,20008,True,Ramaciotti,2017-07-17,36014_1_PE_700bp_MM_UNSW_HM35MBCXY_TAGCGCTC-GAGCCTTA,,,367,,,,,0,2017-12-21 07:09:27
102.100.100.36012,Open Water,,2017-04-26,2017-04-26,Martin Ostrowski,20008,True,Ramaciotti,2017-07-17,36012_1_PE_700bp_MM_UNSW_HM35MBCXY_TAGCGCTC-AAGGCTAT,,,366,,,,,0,2017-12-21 07:09:27
102.100.100.36011,Open Water,,2017-04-26,2017-04-26,Martin Ostrowski,20008,True,Ramaciotti,2017-07-17,36011_1_PE_700bp_MM_UNSW_HKGL3BCXY_TAGCGCTC-CTATTAAG,,,365,,,,,0,2017-12-21 07:09:27
102.100.100.36008,Open Water,,2017-04-26,2017-04-26,Martin Ostrowski,20008,True,Ramaciotti,2017-07-17,36008_1_PE_700bp_MM_UNSW_HKGL3BCXY_TAGCGCTC-GCGTAAGA,,,364,,,,,0,2017-12-21 07:09:27
102.100.100.36004,Open Water,,2017-04-26,2017-04-26,Martin Ostrowski,20008,True,Ramaciotti,2017-07-17,36004_1_PE_700bp_MM_UNSW_HKGL3BCXY_TAGCGCTC-CCTAGAGT,,,363,,,,,0,2017-12-21 07:09:27
102.100.100.36003,Open Water,,2017-04-26,2017-04-26,Martin Ostrowski,20008,True,Ramaciotti,2017-07-17,36003_1_PE_700bp_MM_UNSW_HTFNCBCXY_TAGCGCTC-TTCTAGCT,,,362,,,,,0,2017-12-21 07:09:27
102.100.100.36000,Open Water,,2017-04-26,2017-04-26,Martin Ostrowski,20008,True,Ramaciotti,2017-07-17,36000_1_PE_700bp_MM_UNSW_HTFNCBCXY_TAGCGCTC-TCGACTAG,,,361,,,,,0,2017-12-21 07:09:27
102.100.100.35996,Open Water,,2017-04-26,2017-04-26,Martin Ostrowski,20008,True,Ramaciotti,2017-07-17,35996_1_PE_700bp_MM_UNSW_HM35MBCXY_ATGCGCAG-TTATGCGA,,,360,,,,,0,2017-12-21 07:09:27
102.100.100.35995,Open Water,,2017-04-26,2017-04-26,Martin Ostrowski,20008,True,Ramaciotti,2017-07-17,35995_1_PE_700bp_MM_UNSW_HM35MBCXY_ATGCGCAG-GAGCCTTA,,,359,,,,,0,2017-12-21 07:09:27
102.100.100.35992,Open Water,,2017-04-26,2017-04-26,Martin Ostrowski,20008,True,Ramaciotti,2017-07-17,35992_1_PE_700bp_MM_UNSW_HM35MBCXY_ATGCGCAG-AAGGCTAT,,,358,,,,,0,2017-12-21 07:09:27
102.100.100.35988,Open Water,,2017-04-26,2017-04-26,Martin Ostrowski,20008,True,Ramaciotti,2017-07-17,35988_1_PE_700bp_MM_UNSW_HKGL3BCXY_ATGCGCAG-CTATTAAG,,,357,,,,,0,2017-12-21 07:09:27
102.100.100.35987,Open Water,,2017-04-26,2017-04-26,Martin Ostrowski,20008,True,Ramaciotti,2017-07-17,35987_1_PE_700bp_MM_UNSW_HKGL3BCXY_ATGCGCAG-GCGTAAGA,,,356,,,,,0,2017-12-21 07:09:27
102.100.100.35984,Open Water,,2017-04-26,2017-04-26,Martin Ostrowski,20008,True,Ramaciotti,2017-07-17,35984_1_PE_700bp_MM_UNSW_HKGL3BCXY_ATGCGCAG-CCTAGAGT,,,355,,,,,0,2017-12-21 07:09:27
102.100.100.35980,Open Water,,2017-04-26,2017-04-26,Martin Ostrowski,20008,True,Ramaciotti,2017-07-17,35980_1_PE_700bp_MM_UNSW_HTFNCBCXY_ATGCGCAG-TTCTAGCT,,,354,,,,,0,2017-12-21 07:09:27
102.100.100.35979,Open Water,,2017-04-26,2017-04-26,Martin Ostrowski,20008,True,Ramaciotti,2017-07-17,35979_1_PE_700bp_MM_UNSW_HTFNCBCXY_ATGCGCAG-TCGACTAG,,,353,,,,,0,2017-12-21 07:09:27
102.100.100.35968,Open Water,,2017-04-26,2017-04-26,Martin Ostrowski,20008,True,Ramaciotti,2017-07-17,35968_1_PE_700bp_MM_UNSW_HM35MBCXY_TACGCTGC-TTATGCGA,,,352,,,,,0,2017-12-21 07:09:27
102.100.100.35964,Open Water,,2017-04-26,2017-04-26,Martin Ostrowski,20008,True,Ramaciotti,2017-07-17,35964_1_PE_700bp_MM_UNSW_HM35MBCXY_TACGCTGC-GAGCCTTA,,,351,,,,,0,2017-12-21 07:09:27
102.100.100.35963,Open Water,,2017-04-26,2017-04-26,Martin Ostrowski,20008,True,Ramaciotti,2017-07-17,35963_1_PE_700bp_MM_UNSW_HM35MBCXY_TACGCTGC-AAGGCTAT,,,350,,,,,0,2017-12-21 07:09:27
102.100.100.35952,Open Water,,2017-04-26,2017-04-26,Martin Ostrowski,20008,True,Ramaciotti,2017-07-17,35952_1_PE_700bp_MM_UNSW_HKGL3BCXY_TACGCTGC-CTATTAAG,,,349,,,,,0,2017-12-21 07:09:27
102.100.100.35947,Open Water,,2017-04-26,2017-04-26,Martin Ostrowski,20008,True,Ramaciotti,2017-07-17,35947_1_PE_700bp_MM_UNSW_HKGL3BCXY_TACGCTGC-GCGTAAGA,,,348,,,,,0,2017-12-21 07:09:27
102.100.100.35946,Open Water,,2017-04-26,2017-04-26,Martin Ostrowski,20008,True,Ramaciotti,2017-07-17,35946_1_PE_700bp_MM_UNSW_HKGL3BCXY_TACGCTGC-CCTAGAGT,,,347,,,,,0,2017-12-21 07:09:27
102.100.100.35935,Open Water,,2017-04-26,2017-04-26,Martin Ostrowski,20008,True,Ramaciotti,2017-07-17,35935_1_PE_700bp_MM_UNSW_HTFNCBCXY_TACGCTGC-TTCTAGCT,,,346,,,,,0,2017-12-21 07:09:27
102.100.100.35931,Open Water,,2017-04-26,2017-04-26,Martin Ostrowski,20008,True,Ramaciotti,2017-07-17,35931_1_PE_700bp_MM_UNSW_HTFNCBCXY_TACGCTGC-TCGACTAG,,,345,,,,,0,2017-12-21 07:09:27
102.100.100.35930,Open Water,,2017-04-26,2017-04-26,Martin Ostrowski,20008,True,Ramaciotti,2017-07-17,35930_1_PE_700bp_MM_UNSW_HM35MBCXY_CGGAGCCT-TTATGCGA,,,344,,,,,0,2017-12-21 07:09:27
102.100.100.35919,Open Water,,2017-04-26,2017-04-26,Martin Ostrowski,20008,True,Ramaciotti,2017-07-17,35919_1_PE_700bp_MM_UNSW_HM35MBCXY_CGGAGCCT-GAGCCTTA,,,343,,,,,0,2017-12-21 07:09:27
102.100.100.35915,Open Water,,2017-04-26,2017-04-26,Martin Ostrowski,20008,True,Ramaciotti,2017-07-17,35915_1_PE_700bp_MM_UNSW_HM35MBCXY_CGGAGCCT-AAGGCTAT,,,342,,,,,0,2017-12-21 07:09:27
102.100.100.35914,Open Water,,2017-04-26,2017-04-26,Martin Ostrowski,20008,True,Ramaciotti,2017-07-17,35914_1_PE_700bp_MM_UNSW_HKGL3BCXY_CGGAGCCT-CTATTAAG,,,341,,,,,0,2017-12-21 07:09:27
102.100.100.35902,Open Water,,2017-04-26,2017-04-26,Martin Ostrowski,20008,True,Ramaciotti,2017-07-17,35902_1_PE_700bp_MM_UNSW_HKGL3BCXY_CGGAGCCT-GCGTAAGA,,,340,,,,,0,2017-12-21 07:09:27
102.100.100.35898,Open Water,,2017-04-26,2017-04-26,Martin Ostrowski,20008,True,Ramaciotti,2017-07-17,35898_1_PE_700bp_MM_UNSW_HTFNCBCXY_CGGAGCCT-CCTAGAGT,,,339,,,,,0,2017-12-21 07:09:27
102.100.100.35897,Open Water,,2017-04-26,2017-04-26,Martin Ostrowski,20008,True,Ramaciotti,2017-07-17,35897_1_PE_700bp_MM_UNSW_HTFNCBCXY_CGGAGCCT-TTCTAGCT,,,338,,,,,0,2017-12-21 07:09:27
102.100.100.35886,Open Water,,2017-04-26,2017-04-26,Martin Ostrowski,20008,True,Ramaciotti,,n/a,,,337,,,,,0,2017-12-21 07:09:27
102.100.100.35881,Open Water,,2017-04-26,2017-04-26,Martin Ostrowski,20008,True,Ramaciotti,2017-07-17,35881_1_PE_700bp_MM_UNSW_HM35MBCXY_GCGTAGTA-TTATGCGA,,,336,,,,,0,2017-12-21 07:09:27
102.100.100.35880,Open Water,,2017-04-26,2017-04-26,Martin Ostrowski,20008,True,Ramaciotti,2017-07-17,35880_1_PE_700bp_MM_UNSW_HM35MBCXY_GCGTAGTA-GAGCCTTA,,,335,,,,,0,2017-12-21 07:09:27
102.100.100.35877,Open Water,,2017-04-26,2017-04-26,Martin Ostrowski,20008,True,Ramaciotti,,n/a,,,334,,,,,0,2017-12-21 07:09:27
102.100.100.35872,Open Water,,2017-04-26,2017-04-26,Martin Ostrowski,20008,True,Ramaciotti,2017-07-17,35872_1_PE_700bp_MM_UNSW_HKGL3BCXY_GCGTAGTA-CTATTAAG,,,333,,,,,0,2017-12-21 07:09:27
102.100.100.35871,Open Water,,2017-04-26,2017-04-26,Martin Ostrowski,20008,True,Ramaciotti,2017-07-17,35871_1_PE_700bp_MM_UNSW_HKGL3BCXY_GCGTAGTA-GCGTAAGA,,,332,,,,,0,2017-12-21 07:09:27
102.100.100.35860,Open Water,,2017-04-26,2017-04-26,Martin Ostrowski,20008,True,Ramaciotti,2017-07-17,35860_1_PE_700bp_MM_UNSW_HTFNCBCXY_GCGTAGTA-CCTAGAGT,,,331,,,,,0,2017-12-21 07:09:27
102.100.100.35855,Open Water,,2017-04-26,2017-04-26,Martin Ostrowski,20008,True,Ramaciotti,2017-07-17,35855_1_PE_700bp_MM_UNSW_HTFNCBCXY_GCGTAGTA-TTCTAGCT,,,330,,,,,0,2017-12-21 07:09:27
102.100.100.35850,Open Water,,2017-04-26,2017-04-26,Martin Ostrowski,20008,True,Ramaciotti,2017-07-17,35850_1_PE_700bp_MM_UNSW_HTFNCBCXY_GCGTAGTA-TCGACTAG,,,329,,,,,0,2017-12-21 07:09:27
102.100.100.35845,Open Water,,2017-04-26,2017-04-26,Martin Ostrowski,20008,True,Ramaciotti,2017-07-17,35845_1_PE_700bp_MM_UNSW_HM35MBCXY_GGAGCTAC-TTATGCGA,,,328,,,,,0,2017-12-21 07:09:27
102.100.100.35841,Open Water,,2017-04-26,2017-04-26,Martin Ostrowski,20008,True,Ramaciotti,2017-07-17,35841_1_PE_700bp_MM_UNSW_HM35MBCXY_GGAGCTAC-GAGCCTTA,,,327,,,,,0,2017-12-21 07:09:27
102.100.100.35835,Open Water,,2017-04-26,2017-04-26,Martin Ostrowski,20008,True,Ramaciotti,2017-07-17,35835_1_PE_700bp_MM_UNSW_HM35MBCXY_GGAGCTAC-AAGGCTAT,,,326,,,,,0,2017-12-21 07:09:27
102.100.100.35834,Open Water,,2017-04-26,2017-04-26,Martin Ostrowski,20008,True,Ramaciotti,2017-07-17,35834_1_PE_700bp_MM_UNSW_HKGL3BCXY_GGAGCTAC-CTATTAAG,,,325,,,,,0,2017-12-21 07:09:27
102.100.100.35828,Open Water,,2017-04-26,2017-04-26,Martin Ostrowski,20008,True,Ramaciotti,2017-07-17,35828_1_PE_700bp_MM_UNSW_HKGL3BCXY_GGAGCTAC-GCGTAAGA,,,324,,,,,0,2017-12-21 07:09:27
102.100.100.35827,Open Water,,2017-04-26,2017-04-26,Martin Ostrowski,20008,True,Ramaciotti,2017-07-17,35827_1_PE_700bp_MM_UNSW_HTFNCBCXY_GGAGCTAC-CCTAGAGT,,,323,,,,,0,2017-12-21 07:09:27
102.100.100.35821,Open Water,,2017-04-26,2017-04-26,Martin Ostrowski,20008,True,Ramaciotti,2017-07-17,35821_1_PE_700bp_MM_UNSW_HTFNCBCXY_GGAGCTAC-TTCTAGCT,,,322,,,,,0,2017-12-21 07:09:27
102.100.100.35819,Open Water,,2017-04-26,2017-04-26,Martin Ostrowski,20008,True,Ramaciotti,2017-07-17,35819_1_PE_700bp_MM_UNSW_HTFNCBCXY_GGAGCTAC-TCGACTAG,,,321,,,,,0,2017-12-21 07:09:27
102.100.100.35814,Open Water,,2017-04-26,2017-04-26,Martin Ostrowski,20008,True,Ramaciotti,2017-07-17,35814_1_PE_700bp_MM_UNSW_HM35MBCXY_ACTCGCTA-TTATGCGA,,,320,,,,,0,2017-12-21 07:09:27
102.100.100.35811,Open Water,,2017-04-26,2017-04-26,Martin Ostrowski,20008,True,Ramaciotti,2017-07-17,35811_1_PE_700bp_MM_UNSW_HM35MBCXY_ACTCGCTA-GAGCCTTA,,,319,,,,,0,2017-12-21 07:09:27
102.100.100.35806,Open Water,,2017-04-26,2017-04-26,Martin Ostrowski,20008,True,Ramaciotti,2017-07-17,35806_1_PE_700bp_MM_UNSW_HKGL3BCXY_ACTCGCTA-AAGGCTAT,,,318,,,,,0,2017-12-21 07:09:27
102.100.100.35804,Open Water,,2017-04-26,2017-04-26,Martin Ostrowski,20008,True,Ramaciotti,2017-07-17,35804_1_PE_700bp_MM_UNSW_HKGL3BCXY_ACTCGCTA-CTATTAAG,,,317,,,,,0,2017-12-21 07:09:27
102.100.100.35798,Open Water,,2017-04-26,2017-04-26,Martin Ostrowski,20008,True,Ramaciotti,2017-07-17,35798_1_PE_700bp_MM_UNSW_HKGL3BCXY_ACTCGCTA-GCGTAAGA,,,316,,,,,0,2017-12-21 07:09:27
102.100.100.35796,Open Water,,2017-04-26,2017-04-26,Martin Ostrowski,20008,True,Ramaciotti,2017-07-17,35796_1_PE_700bp_MM_UNSW_HTFNCBCXY_ACTCGCTA-CCTAGAGT,,,315,,,,,0,2017-12-21 07:09:27
102.100.100.35794,Open Water,,2017-04-26,2017-04-26,Martin Ostrowski,20008,True,Ramaciotti,2017-07-17,35794_1_PE_700bp_MM_UNSW_HTFNCBCXY_ACTCGCTA-TTCTAGCT,,,314,,,,,0,2017-12-21 07:09:27
102.100.100.35793,Open Water,,2017-04-26,2017-04-26,Martin Ostrowski,20008,True,Ramaciotti,2017-07-17,35793_1_PE_700bp_MM_UNSW_HTFNCBCXY_ACTCGCTA-TCGACTAG,,,313,,,,,0,2017-12-21 07:09:27
102.100.100.35270,Open Water,,2017-03-16,2017-03-21,Jodie van de Kamp,20008,True,Ramaciotti,2017-07-17,35270_1_PE_700bp_MM_UNSW_HNFW3BCXY_GCTCATGA-TATCCTCT,,,312,,,,,0,2017-12-21 07:09:27
102.100.100.35265,Open Water,,2017-03-16,2017-03-21,Jodie van de Kamp,20008,True,Ramaciotti,2017-07-17,35265_1_PE_700bp_MM_UNSW_HNFW3BCXY_GCTCATGA-TATCCTCT,,,311,,,,,0,2017-12-21 07:09:27
102.100.100.35264,Open Water,,2017-03-16,2017-03-21,Jodie van de Kamp,20008,True,Ramaciotti,2017-07-17,35264_1_PE_700bp_MM_UNSW_HNFW3BCXY_GCTCATGA-TATCCTCT,,,310,,,,,0,2017-12-21 07:09:27
102.100.100.35259,Open Water,,2017-03-16,2017-03-21,Jodie van de Kamp,20008,True,Ramaciotti,2017-07-17,35259_1_PE_700bp_MM_UNSW_HNFW3BCXY_GCTCATGA-TATCCTCT,,,309,,,,,0,2017-12-21 07:09:27
102.100.100.35258,Open Water,,2017-03-16,2017-03-21,Jodie van de Kamp,20008,True,Ramaciotti,2017-07-17,35258_1_PE_700bp_MM_UNSW_HMMJFBCXY_TAAGGCGA-CTCTCTAT,,,308,,,,,0,2017-12-21 07:09:27
102.100.100.35253,Open Water,,2017-03-16,2017-03-21,Jodie van de Kamp,20008,True,Ramaciotti,2017-07-17,35253_1_PE_700bp_MM_UNSW_HMMJFBCXY_TAAGGCGA-CTCTCTAT,,,307,,,,,0,2017-12-21 07:09:27
102.100.100.35252,Open Water,,2017-03-16,2017-03-21,Jodie van de Kamp,20008,True,Ramaciotti,2017-07-17,35252_1_PE_700bp_MM_UNSW_HMMJFBCXY_TAAGGCGA-CTCTCTAT,,,306,,,,,0,2017-12-21 07:09:27
102.100.100.34828,Open Water,,2017-03-16,2017-03-21,Jodie van de Kamp,20008,True,Ramaciotti,2017-07-17,34828_1_PE_700bp_MM_UNSW_HMMJFBCXY_TAAGGCGA-CTCTCTAT,,,305,,,,,0,2017-12-21 07:09:27
102.100.100.34827,Open Water,,2017-03-16,2017-03-21,Jodie van de Kamp,20008,True,Ramaciotti,2017-07-17,34827_1_PE_700bp_MM_UNSW_HNFW3BCXY_GCTCATGA-TATCCTCT,,,304,,,,,0,2017-12-21 07:09:27
102.100.100.34822,Open Water,,2017-03-16,2017-03-21,Jodie van de Kamp,20008,True,Ramaciotti,2017-07-17,34822_1_PE_700bp_MM_UNSW_HNFW3BCXY_GCTCATGA-TATCCTCT,,,303,,,,,0,2017-12-21 07:09:27
102.100.100.34821,Open Water,,2017-03-16,2017-03-21,Jodie van de Kamp,20008,True,Ramaciotti,2017-07-17,34821_1_PE_700bp_MM_UNSW_HNFW3BCXY_GCTCATGA-TATCCTCT,,,302,,,,,0,2017-12-21 07:09:27
102.100.100.34816,Open Water,,2017-03-16,2017-03-21,Jodie van de Kamp,20008,True,Ramaciotti,2017-07-17,34816_1_PE_700bp_MM_UNSW_HNFW3BCXY_GCTCATGA-TATCCTCT,,,301,,,,,0,2017-12-21 07:09:27
102.100.100.34811,Open Water,,2017-03-16,2017-03-21,Jodie van de Kamp,20008,True,Ramaciotti,2017-07-17,34811_1_PE_700bp_MM_UNSW_HNFW3BCXY_GCTCATGA-TATCCTCT,,,300,,,,,0,2017-12-21 07:09:27
102.100.100.34810,Open Water,,2017-03-16,2017-03-21,Jodie van de Kamp,20008,True,Ramaciotti,2017-07-17,34810_1_PE_700bp_MM_UNSW_HNFW3BCXY_GCTCATGA-TATCCTCT,,,299,,,,,0,2017-12-21 07:09:27
102.100.100.34805,Open Water,,2017-03-16,2017-03-21,Jodie van de Kamp,20008,True,Ramaciotti,2017-07-17,34805_1_PE_700bp_MM_UNSW_HNFW3BCXY_GCTCATGA-TATCCTCT,,,298,,,,,0,2017-12-21 07:09:27
102.100.100.34804,Open Water,,2017-03-16,2017-03-21,Jodie van de Kamp,20008,True,Ramaciotti,2017-07-17,34804_1_PE_700bp_MM_UNSW_HNFW3BCXY_GCTCATGA-TATCCTCT,,,297,,,,,0,2017-12-21 07:09:27
102.100.100.34799,Open Water,,2017-03-16,2017-03-21,Jodie van de Kamp,20008,True,Ramaciotti,2017-07-17,34799_1_PE_700bp_MM_UNSW_HNFW3BCXY_GCTCATGA-TATCCTCT,,,296,,,,,0,2017-12-21 07:09:27
102.100.100.34798,Open Water,,2017-03-16,2017-03-21,Jodie van de Kamp,20008,True,Ramaciotti,2017-07-17,34798_1_PE_700bp_MM_UNSW_HNFW3BCXY_GCTCATGA-TATCCTCT,,,295,,,,,0,2017-12-21 07:09:27
102.100.100.34793,Open Water,,2017-03-16,2017-03-21,Jodie van de Kamp,20008,True,Ramaciotti,2017-07-17,34793_1_PE_700bp_MM_UNSW_HNFW3BCXY_GCTCATGA-TATCCTCT,,,294,,,,,0,2017-12-21 07:09:27
102.100.100.34792,Open Water,,2017-03-16,2017-03-21,Jodie van de Kamp,20008,True,Ramaciotti,2017-07-17,34792_1_PE_700bp_MM_UNSW_HNFW3BCXY_GCTCATGA-TATCCTCT,,,293,,,,,0,2017-12-21 07:09:27
102.100.100.34787,Open Water,,2017-03-16,2017-03-21,Jodie van de Kamp,20008,True,Ramaciotti,2017-07-17,34787_1_PE_700bp_MM_UNSW_HNFW3BCXY_GCTCATGA-TATCCTCT,,,292,,,,,0,2017-12-21 07:09:27
102.100.100.34786,Open Water,,2017-03-16,2017-03-21,Jodie van de Kamp,20008,True,Ramaciotti,2017-07-17,34786_1_PE_700bp_MM_UNSW_HNFW3BCXY_GCTCATGA-TATCCTCT,,,291,,,,,0,2017-12-21 07:09:27
102.100.100.34784,Open Water,,2017-03-16,2017-03-21,Jodie van de Kamp,20008,True,Ramaciotti,2017-07-17,34784_1_PE_700bp_MM_UNSW_HMMJFBCXY_TAAGGCGA-CTCTCTAT,,,290,,,,,0,2017-12-21 07:09:27
102.100.100.34783,Open Water,,2017-03-16,2017-03-21,Jodie van de Kamp,20008,True,Ramaciotti,2017-07-17,34783_1_PE_700bp_MM_UNSW_HNFW3BCXY_GCTCATGA-TATCCTCT,,,289,,,,,0,2017-12-21 07:09:27
102.100.100.34781,Open Water,,2017-03-16,2017-03-21,Jodie van de Kamp,20008,True,Ramaciotti,2017-07-17,34781_1_PE_700bp_MM_UNSW_HMMJFBCXY_TAAGGCGA-CTCTCTAT,,,288,,,,,0,2017-12-21 07:09:27
102.100.100.34780,Open Water,,2017-03-16,2017-03-21,Jodie van de Kamp,20008,True,Ramaciotti,2017-07-17,34780_1_PE_700bp_MM_UNSW_HMMJFBCXY_TAAGGCGA-CTCTCTAT,,,287,,,,,0,2017-12-21 07:09:27
102.100.100.34778,Open Water,,2017-03-16,2017-03-21,Jodie van de Kamp,20008,True,Ramaciotti,2017-07-17,34778_1_PE_700bp_MM_UNSW_HMMJFBCXY_TAAGGCGA-CTCTCTAT,,,286,,,,,0,2017-12-21 07:09:27
102.100.100.34777,Open Water,,2017-03-16,2017-03-21,Jodie van de Kamp,20008,True,Ramaciotti,2017-07-17,34777_1_PE_700bp_MM_UNSW_HMMJFBCXY_TAAGGCGA-CTCTCTAT,,,285,,,,,0,2017-12-21 07:09:27
102.100.100.34775,Open Water,,2017-03-16,2017-03-21,Jodie van de Kamp,20008,True,Ramaciotti,2017-07-17,34775_1_PE_700bp_MM_UNSW_HMMJFBCXY_TAAGGCGA-CTCTCTAT,,,284,,,,,0,2017-12-21 07:09:27
102.100.100.34774,Open Water,,2017-03-16,2017-03-21,Jodie van de Kamp,20008,True,Ramaciotti,2017-07-17,34774_1_PE_700bp_MM_UNSW_HMMJFBCXY_TAAGGCGA-CTCTCTAT,,,283,,,,,0,2017-12-21 07:09:27
102.100.100.34772,Open Water,,2017-03-16,2017-03-21,Jodie van de Kamp,20008,True,Ramaciotti,2017-07-17,34772_1_PE_700bp_MM_UNSW_HMMJFBCXY_TAAGGCGA-CTCTCTAT,,,282,,,,,0,2017-12-21 07:09:27
102.100.100.34771,Open Water,,2017-03-16,2017-03-21,Jodie van de Kamp,20008,True,Ramaciotti,2017-07-17,34771_1_PE_700bp_MM_UNSW_HTCGWBCXY_CGAGGCTG-CTAAGCCT,,,281,,,,,0,2017-12-21 07:09:27
102.100.100.34768,Open Water,,2017-03-16,2017-03-21,Jodie van de Kamp,20008,True,Ramaciotti,2017-07-17,34768_1_PE_700bp_MM_UNSW_HTCGWBCXY_CGAGGCTG-AAGGAGTA,,,280,,,,,0,2017-12-21 07:09:27
102.100.100.34767,Open Water,,2017-03-16,2017-03-21,Jodie van de Kamp,20008,True,Ramaciotti,2017-07-17,34767_1_PE_700bp_MM_UNSW_HTCGWBCXY_CTCTCTAC-CTAAGCCT,,,279,,,,,0,2017-12-21 07:09:27
102.100.100.34764,Open Water,,2017-03-16,2017-03-21,Jodie van de Kamp,20008,True,Ramaciotti,2017-07-17,34764_1_PE_700bp_MM_UNSW_HTCGWBCXY_CTCTCTAC-AAGGAGTA,,,278,,,,,0,2017-12-21 07:09:27
102.100.100.34763,Open Water,,2017-03-16,2017-03-21,Jodie van de Kamp,20008,True,Ramaciotti,2017-07-17,34763_1_PE_700bp_MM_UNSW_HTCGWBCXY_TAGGCATG-CTAAGCCT,,,277,,,,,0,2017-12-21 07:09:27
102.100.100.34760,Open Water,,2017-03-16,2017-03-21,Jodie van de Kamp,20008,True,Ramaciotti,2017-07-17,34760_1_PE_700bp_MM_UNSW_HTCGWBCXY_TAGGCATG-AAGGAGTA,,,276,,,,,0,2017-12-21 07:09:27
102.100.100.34759,Open Water,,2017-03-16,2017-03-21,Jodie van de Kamp,20008,True,Ramaciotti,2017-07-17,34759_1_PE_700bp_MM_UNSW_HTCGWBCXY_GGACTCCT-CTAAGCCT,,,275,,,,,0,2017-12-21 07:09:27
102.100.100.34756,Open Water,,2017-03-16,2017-03-21,Jodie van de Kamp,20008,True,Ramaciotti,2017-07-17,34756_1_PE_700bp_MM_UNSW_HTCGWBCXY_GGACTCCT-AAGGAGTA,,,274,,,,,0,2017-12-21 07:09:27
102.100.100.34755,Open Water,,2017-03-16,2017-03-21,Jodie van de Kamp,20008,True,Ramaciotti,2017-07-17,34755_1_PE_700bp_MM_UNSW_HTCGWBCXY_TCCTGAGC-CTAAGCCT,,,273,,,,,0,2017-12-21 07:09:27
102.100.100.34752,Open Water,,2017-03-16,2017-03-21,Jodie van de Kamp,20008,True,Ramaciotti,2017-07-17,34752_1_PE_700bp_MM_UNSW_HTCGWBCXY_TCCTGAGC-AAGGAGTA,,,272,,,,,0,2017-12-21 07:09:27
102.100.100.34751,Open Water,,2017-03-16,2017-03-21,Jodie van de Kamp,20008,True,Ramaciotti,2017-07-17,34751_1_PE_700bp_MM_UNSW_HTCGWBCXY_AGGCAGAA-CTAAGCCT,,,271,,,,,0,2017-12-21 07:09:27
102.100.100.34748,Open Water,,2017-03-16,2017-03-21,Jodie van de Kamp,20008,True,Ramaciotti,2017-07-17,34748_1_PE_700bp_MM_UNSW_HNFW3BCXY_GCTCATGA-TATCCTCT,,,270,,,,,0,2017-12-21 07:09:27
102.100.100.34747,Open Water,,2017-03-16,2017-03-21,Jodie van de Kamp,20008,True,Ramaciotti,2017-07-17,34747_1_PE_700bp_MM_UNSW_HTCGWBCXY_CGTACTAG-CTAAGCCT,,,269,,,,,0,2017-12-21 07:09:27
102.100.100.34744,Open Water,,2017-03-16,2017-03-21,Jodie van de Kamp,20008,True,Ramaciotti,2017-07-17,34744_1_PE_700bp_MM_UNSW_HNFW3BCXY_GCTCATGA-TATCCTCT,,,268,,,,,0,2017-12-21 07:09:27
102.100.100.34743,Open Water,,2017-03-16,2017-03-21,Jodie van de Kamp,20008,True,Ramaciotti,2017-07-17,34743_1_PE_700bp_MM_UNSW_HTCGWBCXY_TAAGGCGA-CTAAGCCT,,,267,,,,,0,2017-12-21 07:09:27
102.100.100.34740,Open Water,,2017-03-16,2017-03-21,Jodie van de Kamp,20008,True,Ramaciotti,2017-07-17,34740_1_PE_700bp_MM_UNSW_HNFW3BCXY_GCTCATGA-TATCCTCT,,,266,,,,,0,2017-12-21 07:09:27
102.100.100.34739,Open Water,,2017-03-16,2017-03-21,Jodie van de Kamp,20008,True,Ramaciotti,2017-07-17,34739_1_PE_700bp_MM_UNSW_HMMJFBCXY_TAAGGCGA-CTCTCTAT,,,265,,,,,0,2017-12-21 07:09:27
102.100.100.34734,Open Water,,2017-03-16,2017-03-21,Jodie van de Kamp,20008,True,Ramaciotti,2017-07-17,34734_1_PE_700bp_MM_UNSW_HMMJFBCXY_TAAGGCGA-CTCTCTAT,,,264,,,,,0,2017-12-21 07:09:27
102.100.100.34733,Open Water,,2017-03-16,2017-03-21,Jodie van de Kamp,20008,True,Ramaciotti,2017-07-17,34733_1_PE_700bp_MM_UNSW_HMMJFBCXY_TAAGGCGA-CTCTCTAT,,,263,,,,,0,2017-12-21 07:09:27
102.100.100.34728,Open Water,,2017-03-16,2017-03-21,Jodie van de Kamp,20008,True,Ramaciotti,2017-07-17,34728_1_PE_700bp_MM_UNSW_HMMJFBCXY_TAAGGCGA-CTCTCTAT,,,262,,,,,0,2017-12-21 07:09:27
102.100.100.34727,Open Water,,2017-03-16,2017-03-21,Jodie van de Kamp,20008,True,Ramaciotti,2017-07-17,34727_1_PE_700bp_MM_UNSW_HMMJFBCXY_TAAGGCGA-CTCTCTAT,,,261,,,,,0,2017-12-21 07:09:27
102.100.100.34722,Open Water,,2017-03-16,2017-03-21,Jodie van de Kamp,20008,True,Ramaciotti,2017-07-17,34722_1_PE_700bp_MM_UNSW_HMMJFBCXY_TAAGGCGA-CTCTCTAT,,,260,,,,,0,2017-12-21 07:09:27
102.100.100.34721,Open Water,,2017-03-16,2017-03-21,Jodie van de Kamp,20008,True,Ramaciotti,2017-07-17,34721_1_PE_700bp_MM_UNSW_HMMJFBCXY_TAAGGCGA-CTCTCTAT,,,259,,,,,0,2017-12-21 07:09:27
102.100.100.34716,Open Water,,2017-03-16,2017-03-21,Jodie van de Kamp,20008,True,Ramaciotti,2017-07-17,34716_1_PE_700bp_MM_UNSW_HMMJFBCXY_TAAGGCGA-CTCTCTAT,,,258,,,,,0,2017-12-21 07:09:27
102.100.100.34715,Open Water,,2017-03-16,2017-03-21,Jodie van de Kamp,20008,True,Ramaciotti,2017-07-17,34715_1_PE_700bp_MM_UNSW_HMMJFBCXY_TAAGGCGA-CTCTCTAT,,,257,,,,,0,2017-12-21 07:09:27
102.100.100.34710,Open Water,,2017-03-16,2017-03-21,Jodie van de Kamp,20008,True,Ramaciotti,2017-07-17,34710_1_PE_700bp_MM_UNSW_HMMJFBCXY_TAAGGCGA-CTCTCTAT,,,256,,,,,0,2017-12-21 07:09:27
102.100.100.34319,Open Water,,2016-07-15,2016-06-22,Jodie van de Kamp,9,True,AGRF,2016-10-20,34319_1_PE_680bp_MM_AGRF_H3KWTBCXY_TAGGCATG-AAGGAGTA,,,255,,,,,0,2017-12-21 07:09:27
102.100.100.34318,Open Water,,2016-07-15,2016-06-22,Jodie van de Kamp,9,True,AGRF,2016-10-20,34318_1_PE_680bp_MM_AGRF_H3KWTBCXY_CTCTCTAC-ACTGCATA,,,254,,,,,0,2017-12-21 07:09:27
102.100.100.34317,Open Water,,2016-07-15,2016-06-22,Jodie van de Kamp,9,True,AGRF,2016-10-20,34317_1_PE_680bp_MM_AGRF_H3KWTBCXY_TAGGCATG-ACTGCATA,,,253,,,,,0,2017-12-21 07:09:27
102.100.100.34316,Open Water,,2016-07-15,2016-06-22,Jodie van de Kamp,9,True,AGRF,2016-10-20,34316_1_PE_680bp_MM_AGRF_H3KWTBCXY_CAGAGAGG-ACTGCATA,,,252,,,,,0,2017-12-21 07:09:27
102.100.100.34315,Open Water,,2016-07-15,2016-06-22,Jodie van de Kamp,9,True,AGRF,2016-10-20,34315_1_PE_680bp_MM_AGRF_H3L2JBCXY_GTAGAGGA-CTAAGCCT,,,251,,,,,0,2017-12-21 07:09:27
102.100.100.34310,Open Water,,2016-07-15,2016-06-22,Jodie van de Kamp,9,True,AGRF,2016-10-20,34310_1_PE_680bp_MM_AGRF_H3L2JBCXY_AAGAGGCA-CTAAGCCT,,,250,,,,,0,2017-12-21 07:09:27
102.100.100.34309,Open Water,,2016-07-15,2016-06-22,Jodie van de Kamp,9,True,AGRF,2016-10-20,34309_1_PE_680bp_MM_AGRF_H3L2JBCXY_GTAGAGGA-ACTGCATA,,,249,,,,,0,2017-12-21 07:09:27
102.100.100.34307,Open Water,,2016-07-15,2016-06-22,Jodie van de Kamp,9,True,AGRF,2016-10-20,34307_1_PE_680bp_MM_AGRF_H3L2JBCXY_AAGAGGCA-ACTGCATA,,,248,,,,,0,2017-12-21 07:09:27
102.100.100.34306,Open Water,,2016-07-15,2016-06-22,Jodie van de Kamp,9,True,AGRF,2016-10-20,34306_1_PE_680bp_MM_AGRF_H3J7YBCXY_GGACTCCT-ACTGCATA,,,247,,,,,0,2017-12-21 07:09:27
102.100.100.34305,Open Water,,2016-07-15,2016-06-22,Jodie van de Kamp,9,True,AGRF,2016-10-20,34305_1_PE_680bp_MM_AGRF_H3J7YBCXY_AGGCAGAA-CTAAGCCT,,,246,,,,,0,2017-12-21 07:09:27
102.100.100.34304,Open Water,,2016-07-15,2016-06-22,Jodie van de Kamp,9,True,AGRF,2016-10-20,34304_1_PE_680bp_MM_AGRF_H3KWTBCXY_CTCTCTAC-CTAAGCCT,,,245,,,,,0,2017-12-21 07:09:26
102.100.100.34303,Open Water,,2016-07-15,2016-06-22,Jodie van de Kamp,9,True,AGRF,2016-10-20,34303_1_PE_680bp_MM_AGRF_H3KWTBCXY_CTCTCTAC-AAGGAGTA,,,244,,,,,0,2017-12-21 07:09:26
102.100.100.34302,Open Water,,2016-07-15,2016-06-22,Jodie van de Kamp,9,True,AGRF,2016-10-20,34302_1_PE_680bp_MM_AGRF_H3KWWBCXY_CGTACTAG-ACTGCATA,,,243,,,,,0,2017-12-21 07:09:26
102.100.100.34301,Open Water,,2016-07-15,2016-06-22,Jodie van de Kamp,9,True,AGRF,2016-10-20,34301_1_PE_680bp_MM_AGRF_H3KWWBCXY_TAAGGCGA-AAGGAGTA,,,242,,,,,0,2017-12-21 07:09:26
102.100.100.34300,Open Water,,2016-07-15,2016-06-22,Jodie van de Kamp,9,True,AGRF,2016-10-20,34300_1_PE_680bp_MM_AGRF_H3J7YBCXY_TCCTGAGC-AAGGAGTA,,,241,,,,,0,2017-12-21 07:09:26
102.100.100.34298,Open Water,,2016-07-15,2016-06-22,Jodie van de Kamp,9,True,AGRF,2016-10-20,34298_1_PE_680bp_MM_AGRF_H3J7YBCXY_AGGCAGAA-AAGGAGTA,,,240,,,,,0,2017-12-21 07:09:26
102.100.100.34297,Open Water,,2016-07-15,2016-06-22,Jodie van de Kamp,9,True,AGRF,2016-10-20,34297_1_PE_680bp_MM_AGRF_H3KWWBCXY_CGTACTAG-AAGGAGTA,,,239,,,,,0,2017-12-21 07:09:26
102.100.100.34296,Open Water,,2016-07-15,2016-06-22,Jodie van de Kamp,9,True,AGRF,2016-10-20,34296_1_PE_680bp_MM_AGRF_H3KWWBCXY_TAAGGCGA-ACTGCATA,,,238,,,,,0,2017-12-21 07:09:26
102.100.100.34295,Open Water,,2016-07-15,2016-06-22,Jodie van de Kamp,9,True,AGRF,2016-10-20,34295_1_PE_680bp_MM_AGRF_H3KWWBCXY_CGTACTAG-CTAAGCCT,,,237,,,,,0,2017-12-21 07:09:26
102.100.100.34289,Open Water,,2016-07-15,2016-06-22,Jodie van de Kamp,9,True,AGRF,2016-10-20,34289_1_PE_680bp_MM_AGRF_H3KWTBCXY_TAGGCATG-CTAAGCCT,,,236,,,,,0,2017-12-21 07:09:26
102.100.100.34288,Open Water,,2016-07-15,2016-06-22,Jodie van de Kamp,9,True,AGRF,2016-10-20,34288_1_PE_680bp_MM_AGRF_H3J7YBCXY_GGACTCCT-AAGGAGTA,,,235,,,,,0,2017-12-21 07:09:26
102.100.100.34286,Open Water,,2016-07-15,2016-06-22,Jodie van de Kamp,9,True,AGRF,2016-10-20,34286_1_PE_680bp_MM_AGRF_H3KWWBCXY_TAAGGCGA-CTAAGCCT,,,234,,,,,0,2017-12-21 07:09:26
102.100.100.34285,Open Water,,2016-07-15,2016-06-22,Jodie van de Kamp,9,True,AGRF,2016-10-20,34285_1_PE_680bp_MM_AGRF_H3KWWBCXY_CAGAGAGG-AAGGAGTA,,,233,,,,,0,2017-12-21 07:09:26
102.100.100.34282,Open Water,,2016-07-15,2016-06-22,Jodie van de Kamp,9,True,AGRF,2016-10-20,34282_1_PE_680bp_MM_AGRF_H3J7YBCXY_TCCTGAGC-CTAAGCCT,,,232,,,,,0,2017-12-21 07:09:26
102.100.100.34279,Open Water,,2016-07-15,2016-06-22,Jodie van de Kamp,9,True,AGRF,2016-10-20,34279_1_PE_680bp_MM_AGRF_H3J7YBCXY_TCCTGAGC-TATCCTCT,,,231,,,,,0,2017-12-21 07:09:26
102.100.100.34274,Open Water,,2016-07-15,2016-06-22,Jodie van de Kamp,9,True,AGRF,2016-10-20,34274_1_PE_680bp_MM_AGRF_H3KWTBCXY_AGGCAGAA-TATCCTCT,,,230,,,,,0,2017-12-21 07:09:26
102.100.100.34273,Open Water,,2016-07-15,2016-06-22,Jodie van de Kamp,9,True,AGRF,2016-10-20,34273_1_PE_680bp_MM_AGRF_H3KWWBCXY_CGTACTAG-GTAAGGAG,,,229,,,,,0,2017-12-21 07:09:26
102.100.100.34268,Open Water,,2016-07-15,2016-06-22,Jodie van de Kamp,9,True,AGRF,2016-10-20,34268_1_PE_680bp_MM_AGRF_H3KWWBCXY_TAAGGCGA-GTAAGGAG,,,228,,,,,0,2017-12-21 07:09:26
102.100.100.34267,Open Water,,2016-07-15,2016-06-22,Jodie van de Kamp,9,True,AGRF,2016-10-20,34267_1_PE_680bp_MM_AGRF_H3KWWBCXY_TCCTGAGC-AGAGTAGA,,,227,,,,,0,2017-12-21 07:09:26
102.100.100.34262,Open Water,,2016-07-15,2016-06-22,Jodie van de Kamp,9,True,AGRF,2016-10-20,34262_1_PE_680bp_MM_AGRF_H3KWWBCXY_AGGCAGAA-AGAGTAGA,,,226,,,,,0,2017-12-21 07:09:26
102.100.100.34261,Open Water,,2016-07-15,2016-06-22,Jodie van de Kamp,9,True,AGRF,2016-10-20,34261_1_PE_680bp_MM_AGRF_H3J7YBCXY_TCCTGAGC-CTCTCTAT,,,225,,,,,0,2017-12-21 07:09:26
102.100.100.34256,Open Water,,2016-07-15,2016-06-22,Jodie van de Kamp,9,True,AGRF,2016-10-20,34256_1_PE_680bp_MM_AGRF_H3KWTBCXY_AGGCAGAA-CTCTCTAT,,,224,,,,,0,2017-12-21 07:09:26
102.100.100.34255,Open Water,,2016-07-15,2016-06-22,Jodie van de Kamp,9,True,AGRF,2016-10-20,34255_1_PE_680bp_MM_AGRF_H3J7YBCXY_TCCTGAGC-ACTGCATA,,,223,,,,,0,2017-12-21 07:09:26
102.100.100.34250,Open Water,,2016-07-15,2016-06-22,Jodie van de Kamp,9,True,AGRF,2016-10-20,34250_1_PE_680bp_MM_AGRF_H3J7YBCXY_AGGCAGAA-ACTGCATA,,,222,,,,,0,2017-12-21 07:09:26
102.100.100.34249,Open Water,,2016-07-15,2016-06-22,Jodie van de Kamp,9,True,AGRF,2016-10-20,34249_1_PE_680bp_MM_AGRF_H3J7YBCXY_TCCTGAGC-GTAAGGAG,,,221,,,,,0,2017-12-21 07:09:26
102.100.100.34244,Open Water,,2016-07-15,2016-06-22,Jodie van de Kamp,9,True,AGRF,2016-10-20,34244_1_PE_680bp_MM_AGRF_H3J7YBCXY_AGGCAGAA-GTAAGGAG,,,220,,,,,0,2017-12-21 07:09:26
102.100.100.34243,Open Water,,2016-07-15,2016-06-22,Jodie van de Kamp,9,True,AGRF,2016-10-20,34243_1_PE_680bp_MM_AGRF_H3L2JBCXY_GTAGAGGA-TATCCTCT,,,219,,,,,0,2017-12-21 07:09:26
102.100.100.34242,Open Water,,2016-07-15,2016-06-22,Jodie van de Kamp,9,True,AGRF,2016-10-20,34242_1_PE_680bp_MM_AGRF_H3KWWBCXY_CGAGGCTG-AGAGTAGA,,,218,,,,,0,2017-12-21 07:09:26
102.100.100.34240,Open Water,,2016-07-15,2016-06-22,Jodie van de Kamp,9,True,AGRF,2016-10-20,34240_1_PE_680bp_MM_AGRF_H3KWWBCXY_GCTACGCT-AGAGTAGA,,,217,,,,,0,2017-12-21 07:09:26
102.100.100.34239,Open Water,,2016-07-15,2016-06-22,Jodie van de Kamp,9,True,AGRF,2016-10-20,34239_1_PE_680bp_MM_AGRF_H3L2JBCXY_GTAGAGGA-GTAAGGAG,,,216,,,,,0,2017-12-21 07:09:26
102.100.100.34237,Open Water,,2016-07-15,2016-06-22,Jodie van de Kamp,9,True,AGRF,2016-10-20,34237_1_PE_680bp_MM_AGRF_H3L2JBCXY_AAGAGGCA-TATCCTCT,,,215,,,,,0,2017-12-21 07:09:26
102.100.100.34236,Open Water,,2016-07-15,2016-06-22,Jodie van de Kamp,9,True,AGRF,2016-10-20,34236_1_PE_680bp_MM_AGRF_H3L2JBCXY_AAGAGGCA-GTAAGGAG,,,214,,,,,0,2017-12-21 07:09:26
102.100.100.34235,Open Water,,2016-07-15,2016-06-22,Jodie van de Kamp,9,True,AGRF,2016-10-20,34235_1_PE_680bp_MM_AGRF_H3L2JBCXY_AAGAGGCA-AGAGTAGA,,,213,,,,,0,2017-12-21 07:09:26
102.100.100.34234,Open Water,,2016-07-15,2016-06-22,Jodie van de Kamp,9,True,AGRF,2016-10-20,34234_1_PE_680bp_MM_AGRF_H3L2JBCXY_GTAGAGGA-CTCTCTAT,,,212,,,,,0,2017-12-21 07:09:26
102.100.100.34233,Open Water,,2016-07-15,2016-06-22,Jodie van de Kamp,9,True,AGRF,2016-10-20,34233_1_PE_680bp_MM_AGRF_H3KWWBCXY_CGAGGCTG-GTAAGGAG,,,211,,,,,0,2017-12-21 07:09:26
102.100.100.34230,Open Water,,2016-07-15,2016-06-22,Jodie van de Kamp,9,True,AGRF,2016-10-20,34230_1_PE_680bp_MM_AGRF_H3KWWBCXY_GCTACGCT-GTAAGGAG,,,210,,,,,0,2017-12-21 07:09:26
102.100.100.34229,Open Water,,2016-07-15,2016-06-22,Jodie van de Kamp,9,True,AGRF,2016-10-20,34229_1_PE_680bp_MM_AGRF_H3L2JBCXY_GTAGAGGA-AAGGAGTA,,,209,,,,,0,2017-12-21 07:09:26
102.100.100.34224,Open Water,,2016-07-15,2016-06-22,Jodie van de Kamp,9,True,AGRF,2016-10-20,34224_1_PE_680bp_MM_AGRF_H3L2JBCXY_AAGAGGCA-AAGGAGTA,,,208,,,,,0,2017-12-21 07:09:26
102.100.100.34223,Open Water,,2016-07-15,2016-06-22,Jodie van de Kamp,9,True,AGRF,2016-10-20,34223_1_PE_680bp_MM_AGRF_H3L2JBCXY_GTAGAGGA-AGAGTAGA,,,207,,,,,0,2017-12-21 07:09:26
102.100.100.34219,Open Water,,2016-07-15,2016-06-22,Jodie van de Kamp,9,True,AGRF,2016-10-20,34219_1_PE_680bp_MM_AGRF_H3L2JBCXY_AAGAGGCA-CTCTCTAT,,,206,,,,,0,2017-12-21 07:09:26
102.100.100.34218,Open Water,,2016-07-15,2016-06-22,Jodie van de Kamp,9,True,AGRF,2016-10-20,34218_1_PE_680bp_MM_AGRF_H3L2JBCXY_GTAGAGGA-GCGTAAGA,,,205,,,,,0,2017-12-21 07:09:26
102.100.100.34216,Open Water,,2016-07-15,2016-06-22,Jodie van de Kamp,9,True,AGRF,2016-10-20,34216_1_PE_680bp_MM_AGRF_H3L2JBCXY_AAGAGGCA-GCGTAAGA,,,204,,,,,0,2017-12-21 07:09:26
102.100.100.34215,Open Water,,2016-07-15,2016-06-22,Jodie van de Kamp,9,True,AGRF,2016-10-20,34215_1_PE_680bp_MM_AGRF_H3J7YBCXY_TCCTGAGC-GCGTAAGA,,,203,,,,,0,2017-12-21 07:09:26
102.100.100.34211,Open Water,,2016-07-15,2016-06-22,Jodie van de Kamp,9,True,AGRF,2016-10-20,34211_1_PE_680bp_MM_AGRF_H3KWTBCXY_AGGCAGAA-GCGTAAGA,,,202,,,,,0,2017-12-21 07:09:26
102.100.100.34210,Open Water,,2016-07-15,2016-06-22,Jodie van de Kamp,9,True,AGRF,2016-10-20,34210_1_PE_680bp_MM_AGRF_H3L2JBCXY_CGAGGCTG-TATCCTCT,,,201,,,,,0,2017-12-21 07:09:26
102.100.100.34207,Open Water,,2016-07-15,2016-06-22,Jodie van de Kamp,9,True,AGRF,2016-10-20,34207_1_PE_680bp_MM_AGRF_H3KWWBCXY_GCTACGCT-TATCCTCT,,,200,,,,,0,2017-12-21 07:09:26
102.100.100.34206,Open Water,,2016-07-15,2016-06-22,Jodie van de Kamp,9,True,AGRF,2016-10-20,34206_1_PE_680bp_MM_AGRF_H3L2JBCXY_CGAGGCTG-CTCTCTAT,,,199,,,,,0,2017-12-21 07:09:26
102.100.100.34203,Open Water,,2016-07-15,2016-06-22,Jodie van de Kamp,9,True,AGRF,2016-10-20,34203_1_PE_680bp_MM_AGRF_H3KWWBCXY_GCTACGCT-CTCTCTAT,,,198,,,,,0,2017-12-21 07:09:26
102.100.100.34202,Open Water,,2016-07-15,2016-06-22,Jodie van de Kamp,9,True,AGRF,2016-10-20,34202_1_PE_680bp_MM_AGRF_H3L2JBCXY_CGAGGCTG-GCGTAAGA,,,197,,,,,0,2017-12-21 07:09:26
102.100.100.34199,Open Water,,2016-07-15,2016-06-22,Jodie van de Kamp,9,True,AGRF,2016-10-20,34199_1_PE_680bp_MM_AGRF_H3KWWBCXY_GCTACGCT-GCGTAAGA,,,196,,,,,0,2017-12-21 07:09:26
102.100.100.34194,Open Water,,2016-07-15,2016-06-22,Jodie van de Kamp,9,True,AGRF,2016-10-20,34194_1_PE_680bp_MM_AGRF_H3KWWBCXY_CTCTCTAC-GCGTAAGA,,,195,,,,,0,2017-12-21 07:09:26
102.100.100.34192,Open Water,,2016-07-15,2016-06-22,Jodie van de Kamp,9,True,AGRF,2016-10-20,34192_1_PE_680bp_MM_AGRF_H3J7YBCXY_TAGGCATG-CTCTCTAT,,,194,,,,,0,2017-12-21 07:09:26
102.100.100.34187,Open Water,,2016-07-15,2016-06-22,Jodie van de Kamp,9,True,AGRF,2016-10-20,34187_1_PE_680bp_MM_AGRF_H3J7YBCXY_GGACTCCT-CTCTCTAT,,,193,,,,,0,2017-12-21 07:09:26
102.100.100.34186,Open Water,,2016-07-15,2016-06-22,Jodie van de Kamp,9,True,AGRF,2016-10-20,34186_1_PE_680bp_MM_AGRF_H3J7YBCXY_TAGGCATG-GTAAGGAG,,,192,,,,,0,2017-12-21 07:09:26
102.100.100.34181,Open Water,,2016-07-15,2016-06-22,Jodie van de Kamp,9,True,AGRF,2016-10-20,34181_1_PE_680bp_MM_AGRF_H3J7YBCXY_GGACTCCT-GTAAGGAG,,,191,,,,,0,2017-12-21 07:09:26
102.100.100.34180,Open Water,,2016-07-15,2016-06-22,Jodie van de Kamp,9,True,AGRF,2016-10-20,34180_1_PE_680bp_MM_AGRF_H3J7YBCXY_TAGGCATG-TATCCTCT,,,190,,,,,0,2017-12-21 07:09:26
102.100.100.34175,Open Water,,2016-07-15,2016-06-22,Jodie van de Kamp,9,True,AGRF,2016-10-20,34175_1_PE_680bp_MM_AGRF_H3J7YBCXY_GGACTCCT-TATCCTCT,,,189,,,,,0,2017-12-21 07:09:26
102.100.100.34174,Open Water,,2016-07-15,2016-06-22,Jodie van de Kamp,9,True,AGRF,2016-10-20,34174_1_PE_680bp_MM_AGRF_H3J7YBCXY_TAGGCATG-GCGTAAGA,,,188,,,,,0,2017-12-21 07:09:26
102.100.100.34169,Open Water,,2016-07-15,2016-06-22,Jodie van de Kamp,9,True,AGRF,2016-10-20,34169_1_PE_680bp_MM_AGRF_H3J7YBCXY_GGACTCCT-GCGTAAGA,,,187,,,,,0,2017-12-21 07:09:26
102.100.100.34168,Open Water,,2016-07-15,2016-06-22,Jodie van de Kamp,9,True,AGRF,2016-10-20,34168_1_PE_680bp_MM_AGRF_H3J7YBCXY_TAGGCATG-AGAGTAGA,,,186,,,,,0,2017-12-21 07:09:26
102.100.100.34163,Open Water,,2016-07-15,2016-06-22,Jodie van de Kamp,9,True,AGRF,2016-10-20,34163_1_PE_680bp_MM_AGRF_H3KWWBCXY_GGACTCCT-AGAGTAGA,,,185,,,,,0,2017-12-21 07:09:26
102.100.100.34162,Open Water,,2016-07-15,2016-06-22,Jodie van de Kamp,9,True,AGRF,2016-10-20,34162_1_PE_680bp_MM_AGRF_H3L2JBCXY_CGTACTAG-AGAGTAGA,,,184,,,,,0,2017-12-21 07:09:26
102.100.100.34157,Open Water,,2016-07-15,2016-06-22,Jodie van de Kamp,9,True,AGRF,2016-10-20,34157_1_PE_680bp_MM_AGRF_H3L2JBCXY_TAAGGCGA-AGAGTAGA,,,183,,,,,0,2017-12-21 07:09:26
102.100.100.34156,Open Water,,2016-07-15,2016-06-22,Jodie van de Kamp,9,True,AGRF,2016-10-20,34156_1_PE_680bp_MM_AGRF_H3KWTBCXY_CGTACTAG-TATCCTCT,,,182,,,,,0,2017-12-21 07:09:26
102.100.100.34151,Open Water,,2016-07-15,2016-06-22,Jodie van de Kamp,9,True,AGRF,2016-10-20,34151_1_PE_680bp_MM_AGRF_H3KWTBCXY_TAAGGCGA-TATCCTCT,,,181,,,,,0,2017-12-21 07:09:26
102.100.100.34150,Open Water,,2016-07-15,2016-06-22,Jodie van de Kamp,9,True,AGRF,2016-10-20,34150_1_PE_680bp_MM_AGRF_H3KWTBCXY_CGTACTAG-CTCTCTAT,,,180,,,,,0,2017-12-21 07:09:26
102.100.100.34145,Open Water,,2016-07-15,2016-06-22,Jodie van de Kamp,9,True,AGRF,2016-10-20,34145_1_PE_680bp_MM_AGRF_H3KWTBCXY_TAAGGCGA-CTCTCTAT,,,179,,,,,0,2017-12-21 07:09:26
102.100.100.34144,Open Water,,2016-07-15,2016-06-22,Jodie van de Kamp,9,True,AGRF,2016-10-20,34144_1_PE_680bp_MM_AGRF_H3KWTBCXY_CGTACTAG-GCGTAAGA,,,178,,,,,0,2017-12-21 07:09:26
102.100.100.34139,Open Water,,2016-07-15,2016-06-22,Jodie van de Kamp,9,True,AGRF,2016-10-20,34139_1_PE_680bp_MM_AGRF_H3KWTBCXY_TAAGGCGA-GCGTAAGA,,,177,,,,,0,2017-12-21 07:09:26
102.100.100.34138,Open Water,,2016-07-15,2016-06-22,Jodie van de Kamp,9,True,AGRF,2016-10-20,34138_1_PE_680bp_MM_AGRF_H3KWTBCXY_CAGAGAGG-TATCCTCT,,,176,,,,,0,2017-12-21 07:09:26
102.100.100.34133,Open Water,,2016-07-15,2016-06-22,Jodie van de Kamp,9,True,AGRF,2016-10-20,34133_1_PE_680bp_MM_AGRF_H3KWTBCXY_CTCTCTAC-TATCCTCT,,,175,,,,,0,2017-12-21 07:09:26
102.100.100.34132,Open Water,,2016-07-15,2016-06-22,Jodie van de Kamp,9,True,AGRF,2016-10-20,34132_1_PE_680bp_MM_AGRF_H3KWWBCXY_CAGAGAGG-CTCTCTAT,,,174,,,,,0,2017-12-21 07:09:26
102.100.100.34127,Open Water,,2016-07-15,2016-06-22,Jodie van de Kamp,9,True,AGRF,2016-10-20,34127_1_PE_680bp_MM_AGRF_H3KWWBCXY_CTCTCTAC-CTCTCTAT,,,173,,,,,0,2017-12-21 07:09:26
102.100.100.34126,Open Water,,2016-07-15,2016-06-22,Jodie van de Kamp,9,True,AGRF,2016-10-20,34126_1_PE_680bp_MM_AGRF_H3KWTBCXY_CAGAGAGG-AGAGTAGA,,,172,,,,,0,2017-12-21 07:09:26
102.100.100.34121,Open Water,,2016-07-15,2016-06-22,Jodie van de Kamp,9,True,AGRF,2016-10-20,34121_1_PE_680bp_MM_AGRF_H3KWTBCXY_CTCTCTAC-AGAGTAGA,,,171,,,,,0,2017-12-21 07:09:26
102.100.100.34120,Open Water,,2016-07-15,2016-06-22,Jodie van de Kamp,9,True,AGRF,2016-10-20,34120_1_PE_680bp_MM_AGRF_H3KWTBCXY_CAGAGAGG-GTAAGGAG,,,170,,,,,0,2017-12-21 07:09:26
102.100.100.34115,Open Water,,2016-07-15,2016-06-22,Jodie van de Kamp,9,True,AGRF,2016-10-20,34115_1_PE_680bp_MM_AGRF_H3KWTBCXY_CTCTCTAC-GTAAGGAG,,,169,,,,,0,2017-12-21 07:09:26
102.100.100.22021,Open Water,,2015-11-19,2015-12-16,Jodie van de Kamp,5,True,Ramaciotti,2016-06-02,22021_1_PE_700bp_MM_UNSW_HM7K2BCXX_ATCTCAGG-TCTCTCCG,,,168,,,,,0,2017-12-21 07:09:26
102.100.100.22020,Open Water,,2015-11-19,2015-12-16,Jodie van de Kamp,5,True,Ramaciotti,2016-06-02,22020_1_PE_700bp_MM_UNSW_HM7K2BCXX_GCTCATGA-TCTCTCCG,,,167,,,,,0,2017-12-21 07:09:26
102.100.100.22019,Open Water,,2015-11-19,2015-12-16,Jodie van de Kamp,5,True,Ramaciotti,2016-06-02,22019_1_PE_700bp_MM_UNSW_HM7K2BCXX_GTAGAGGA-TCTCTCCG,,,166,,,,,0,2017-12-21 07:09:26
102.100.100.22018,Open Water,,2015-11-19,2015-12-16,Jodie van de Kamp,5,True,Ramaciotti,2016-06-02,22018_1_PE_700bp_MM_UNSW_HM7K2BCXX_AAGAGGCA-TCTCTCCG,,,165,,,,,0,2017-12-21 07:09:26
102.100.100.22013,Open Water,,2015-11-19,2015-12-16,Jodie van de Kamp,5,True,Ramaciotti,2016-06-02,22013_1_PE_700bp_MM_UNSW_HM7K2BCXX_CGAGGCTG-TCTCTCCG,,,164,,,,,0,2017-12-21 07:09:26
102.100.100.22012,Open Water,,2015-11-19,2015-12-16,Jodie van de Kamp,5,True,Ramaciotti,,,,,163,,,,,0,2017-12-21 07:09:26
102.100.100.22011,Open Water,,2015-11-19,2015-12-16,Jodie van de Kamp,5,True,Ramaciotti,2016-04-18,22011_1_PE_700bp_MM_UNSW_HMJH2BCXX_TAGGCATG-TCTCTCCG,,,162,,,,,0,2017-12-21 07:09:26
102.100.100.22010,Open Water,,2015-11-19,2015-12-16,Jodie van de Kamp,5,True,Ramaciotti,2016-06-02,22010_1_PE_700bp_MM_UNSW_HMTKGBCXX_ACTGAGCG-TCGACTAG,,,161,,,,,0,2017-12-21 07:09:26
102.100.100.22009,Open Water,,2015-11-19,2015-12-16,Jodie van de Kamp,5,True,Ramaciotti,2016-06-02,22009_1_PE_700bp_MM_UNSW_HMTKGBCXX_TAGCGCTC-TTATGCGA,,,160,,,,,0,2017-12-21 07:09:26
102.100.100.22004,Open Water,,2015-11-19,2015-12-16,Jodie van de Kamp,5,True,Ramaciotti,2016-06-02,22004_1_PE_700bp_MM_UNSW_HMTKGBCXX_TAGCGCTC-GAGCCTTA,,,159,,,,,0,2017-12-21 07:09:26
102.100.100.22003,Open Water,,2015-11-19,2015-12-16,Jodie van de Kamp,5,True,Ramaciotti,,,,,158,,,,,0,2017-12-21 07:09:26
102.100.100.22002,Open Water,,2015-11-19,2015-12-16,Jodie van de Kamp,5,True,Ramaciotti,,,,,157,,,,,0,2017-12-21 07:09:26
102.100.100.22001,Open Water,,2015-11-19,2015-12-16,Jodie van de Kamp,5,True,Ramaciotti,,,,,156,,,,,0,2017-12-21 07:09:26
102.100.100.22000,Open Water,,2015-11-19,2015-12-16,Jodie van de Kamp,5,True,Ramaciotti,2016-06-02,22000_1_PE_700bp_MM_UNSW_HMTKGBCXX_TAGCGCTC-CCTAGAGT,,,155,,,,,0,2017-12-21 07:09:26
102.100.100.21999,Open Water,,2015-11-19,2015-12-16,Jodie van de Kamp,5,True,Ramaciotti,2016-06-02,21999_1_PE_700bp_MM_UNSW_HMTW3BCXX_TAGCGCTC-TTCTAGCT,,,154,,,,,0,2017-12-21 07:09:26
102.100.100.21998,Open Water,,2015-11-19,2015-12-16,Jodie van de Kamp,5,True,Ramaciotti,2016-06-02,21998_1_PE_700bp_MM_UNSW_HMTW3BCXX_TAGCGCTC-TCGACTAG,,,153,,,,,0,2017-12-21 07:09:26
102.100.100.21997,Open Water,,2015-11-19,2015-12-16,Jodie van de Kamp,5,True,Ramaciotti,2016-06-02,21997_1_PE_700bp_MM_UNSW_HMTW3BCXX_ATGCGCAG-TTATGCGA,,,152,,,,,0,2017-12-21 07:09:26
102.100.100.21992,Open Water,,2015-11-19,2015-12-16,Jodie van de Kamp,5,True,Ramaciotti,2016-06-02,21992_1_PE_700bp_MM_UNSW_HMTW3BCXX_ATGCGCAG-GAGCCTTA,,,151,,,,,0,2017-12-21 07:09:26
102.100.100.21986,Open Water,,2015-11-19,2015-12-16,Jodie van de Kamp,5,True,Ramaciotti,2016-06-02,21986_1_PE_700bp_MM_UNSW_HMTW3BCXX_ATGCGCAG-AAGGCTAT,,,150,,,,,0,2017-12-21 07:09:26
102.100.100.21981,Open Water,,2015-11-19,2015-12-16,Jodie van de Kamp,5,True,Ramaciotti,2016-06-02,21981_1_PE_700bp_MM_UNSW_HMTW3BCXX_ATGCGCAG-CTATTAAG,,,149,,,,,0,2017-12-21 07:09:26
102.100.100.21975,Open Water,,2015-11-19,2015-12-16,Jodie van de Kamp,5,True,Ramaciotti,2016-06-02,21975_1_PE_700bp_MM_UNSW_HMTKGBCXX_ATGCGCAG-GCGTAAGA,,,148,,,,,0,2017-12-21 07:09:26
102.100.100.21970,Open Water,,2015-11-19,2015-12-16,Jodie van de Kamp,5,True,Ramaciotti,2016-06-02,21970_1_PE_700bp_MM_UNSW_HM7K2BCXX_ATGCGCAG-GAGCCTTA,,,147,,,,,0,2017-12-21 07:09:26
102.100.100.21969,Open Water,,2015-11-19,2015-12-16,Jodie van de Kamp,5,True,Ramaciotti,2016-06-02,21969_1_PE_700bp_MM_UNSW_HMTKGBCXX_ATGCGCAG-CCTAGAGT,,,146,,,,,0,2017-12-21 07:09:26
102.100.100.21968,Open Water,,2015-11-19,2015-12-16,Jodie van de Kamp,5,True,Ramaciotti,,,,,145,,,,,0,2017-12-21 07:09:26
102.100.100.21967,Open Water,,2015-11-19,2015-12-16,Jodie van de Kamp,5,True,Ramaciotti,2016-06-02,21967_1_PE_700bp_MM_UNSW_HMTKGBCXX_ATGCGCAG-TCGACTAG,,,144,,,,,0,2017-12-21 07:09:26
102.100.100.21966,Open Water,,2015-11-19,2015-12-16,Jodie van de Kamp,5,True,Ramaciotti,2016-06-02,21966_1_PE_700bp_MM_UNSW_HMTKGBCXX_TACGCTGC-TTATGCGA,,,143,,,,,0,2017-12-21 07:09:26
102.100.100.21965,Open Water,,2015-11-19,2015-12-16,Jodie van de Kamp,5,True,Ramaciotti,2016-06-02,21965_1_PE_700bp_MM_UNSW_HMTKGBCXX_TACGCTGC-GAGCCTTA,,,142,,,,,0,2017-12-21 07:09:26
102.100.100.21964,Open Water,,2015-11-19,2015-12-16,Jodie van de Kamp,5,True,Ramaciotti,2016-06-02,21964_1_PE_700bp_MM_UNSW_HMTKGBCXX_TACGCTGC-AAGGCTAT,,,141,,,,,0,2017-12-21 07:09:26
102.100.100.21963,Open Water,,2015-11-19,2015-12-16,Jodie van de Kamp,5,True,Ramaciotti,2016-06-02,21963_1_PE_700bp_MM_UNSW_HMTKGBCXX_TACGCTGC-CTATTAAG,,,140,,,,,0,2017-12-21 07:09:26
102.100.100.21958,Open Water,,2015-11-19,2015-12-16,Jodie van de Kamp,5,True,Ramaciotti,2016-06-02,21958_1_PE_700bp_MM_UNSW_HMTW3BCXX_TACGCTGC-GCGTAAGA,,,139,,,,,0,2017-12-21 07:09:26
102.100.100.21957,Open Water,,2015-11-19,2015-12-16,Jodie van de Kamp,5,True,Ramaciotti,2016-04-18,21957_1_PE_700bp_MM_UNSW_HMJH2BCXX_GGACTCCT-TCTCTCCG,,,138,,,,,0,2017-12-21 07:09:26
102.100.100.21952,Open Water,,2015-11-19,2015-12-16,Jodie van de Kamp,5,True,Ramaciotti,2016-06-02,21952_1_PE_700bp_MM_UNSW_HMTW3BCXX_TACGCTGC-CCTAGAGT,,,137,,,,,0,2017-12-21 07:09:26
102.100.100.21951,Open Water,,2015-11-19,2015-12-16,Jodie van de Kamp,5,True,Ramaciotti,2016-06-02,21951_1_PE_700bp_MM_UNSW_HMTW3BCXX_TACGCTGC-TTCTAGCT,,,136,,,,,0,2017-12-21 07:09:26
102.100.100.21946,Open Water,,2015-11-19,2015-12-16,Jodie van de Kamp,5,True,Ramaciotti,2016-06-02,21946_1_PE_700bp_MM_UNSW_HMTW3BCXX_TACGCTGC-TCGACTAG,,,135,,,,,0,2017-12-21 07:09:26
102.100.100.21945,Open Water,,2015-11-19,2015-12-16,Jodie van de Kamp,5,True,Ramaciotti,2016-06-02,21945_1_PE_700bp_MM_UNSW_HMTW3BCXX_CGGAGCCT-TTATGCGA,,,134,,,,,0,2017-12-21 07:09:26
102.100.100.21940,Open Water,,2015-11-19,2015-12-16,Jodie van de Kamp,5,True,Ramaciotti,2016-04-18,21940_1_PE_700bp_MM_UNSW_HMJH2BCXX_TCCTGAGC-TCTCTCCG,,,133,,,,,0,2017-12-21 07:09:26
102.100.100.21939,Open Water,,2015-11-19,2015-12-16,Jodie van de Kamp,5,True,Ramaciotti,2016-04-18,21939_1_PE_700bp_MM_UNSW_HMJH2BCXX_AGGCAGAA-TCTCTCCG,,,132,,,,,0,2017-12-21 07:09:26
102.100.100.21934,Open Water,,2015-11-19,2015-12-16,Jodie van de Kamp,5,True,Ramaciotti,2016-04-18,21934_1_PE_700bp_MM_UNSW_HMJH2BCXX_CGTACTAG-TCTCTCCG,,,131,,,,,0,2017-12-21 07:09:26
102.100.100.21933,Open Water,,2015-11-19,2015-12-16,Jodie van de Kamp,5,True,Ramaciotti,2016-06-02,21933_1_PE_700bp_MM_UNSW_HMTW3BCXX_CGGAGCCT-GAGCCTTA,,,130,,,,,0,2017-12-21 07:09:26
102.100.100.21928,Open Water,,2015-11-19,2015-12-16,Jodie van de Kamp,5,True,Ramaciotti,2016-04-18,21928_1_PE_700bp_MM_UNSW_HMJH2BCXX_TAAGGCGA-TCTCTCCG,,,129,,,,,0,2017-12-21 07:09:26
102.100.100.21927,Open Water,,2015-11-19,2015-12-16,Jodie van de Kamp,5,True,Ramaciotti,2016-06-02,21927_1_PE_700bp_MM_UNSW_HM7K2BCXX_ATCTCAGG-CGTCTAAT,,,128,,,,,0,2017-12-21 07:09:26
102.100.100.21922,Open Water,,2015-11-19,2015-12-16,Jodie van de Kamp,5,True,Ramaciotti,2016-06-02,21922_1_PE_700bp_MM_UNSW_HM7K2BCXX_GCTCATGA-CGTCTAAT,,,127,,,,,0,2017-12-21 07:09:26
102.100.100.21921,Open Water,,2015-11-19,2015-12-16,Jodie van de Kamp,5,True,Ramaciotti,2016-06-02,21921_1_PE_700bp_MM_UNSW_HM7K2BCXX_GTAGAGGA-CGTCTAAT,,,126,,,,,0,2017-12-21 07:09:26
102.100.100.21916,Open Water,,2015-11-19,2015-12-16,Jodie van de Kamp,5,True,Ramaciotti,2016-06-02,21916_1_PE_700bp_MM_UNSW_HM7K2BCXX_AAGAGGCA-CGTCTAAT,,,125,,,,,0,2017-12-21 07:09:26
102.100.100.21915,Open Water,,2015-11-19,2015-12-16,Jodie van de Kamp,5,True,Ramaciotti,2016-06-02,21915_1_PE_700bp_MM_UNSW_HMTW3BCXX_CGGAGCCT-AAGGCTAT,,,124,,,,,0,2017-12-21 07:09:26
102.100.100.21910,Open Water,,2015-11-19,2015-12-16,Jodie van de Kamp,5,True,Ramaciotti,2016-06-02,21910_1_PE_700bp_MM_UNSW_HMTW3BCXX_CGGAGCCT-CTATTAAG,,,123,,,,,0,2017-12-21 07:09:26
102.100.100.21909,Open Water,,2015-11-19,2015-12-16,Jodie van de Kamp,5,True,Ramaciotti,2016-06-02,21909_1_PE_700bp_MM_UNSW_HM7K2BCXX_CGAGGCTG-CGTCTAAT,,,122,,,,,0,2017-12-21 07:09:26
102.100.100.21904,Open Water,,2015-11-19,2015-12-16,Jodie van de Kamp,5,True,Ramaciotti,2016-06-02,21904_1_PE_700bp_MM_UNSW_HMTKGBCXX_CGGAGCCT-GCGTAAGA,,,121,,,,,0,2017-12-21 07:09:26
102.100.100.21903,Open Water,,2015-11-19,2015-12-16,Jodie van de Kamp,5,True,Ramaciotti,2016-06-02,21903_1_PE_700bp_MM_UNSW_HMTKGBCXX_CGGAGCCT-CCTAGAGT,,,120,,,,,0,2017-12-21 07:09:26
102.100.100.21898,Open Water,,2015-11-19,2015-12-16,Jodie van de Kamp,5,True,Ramaciotti,2016-06-02,21898_1_PE_700bp_MM_UNSW_HMTKGBCXX_CGGAGCCT-TTCTAGCT,,,119,,,,,0,2017-12-21 07:09:26
102.100.100.21897,Open Water,,2015-11-19,2015-12-16,Jodie van de Kamp,5,True,Ramaciotti,2016-06-02,21897_1_PE_700bp_MM_UNSW_HMTKGBCXX_CGGAGCCT-TCGACTAG,,,118,,,,,0,2017-12-21 07:09:26
102.100.100.21892,Open Water,,2015-11-19,2015-12-16,Jodie van de Kamp,5,True,Ramaciotti,2016-06-02,21892_1_PE_700bp_MM_UNSW_HM7K2BCXX_CTCTCTAC-CGTCTAAT,,,117,,,,,0,2017-12-21 07:09:26
102.100.100.21891,Open Water,,2015-11-19,2015-12-16,Jodie van de Kamp,5,True,Ramaciotti,2016-06-02,21891_1_PE_700bp_MM_UNSW_HMTKGBCXX_GCGTAGTA-TTATGCGA,,,116,,,,,0,2017-12-21 07:09:26
102.100.100.21886,Open Water,,2015-11-19,2015-12-16,Jodie van de Kamp,5,True,Ramaciotti,2016-04-18,21886_1_PE_700bp_MM_UNSW_HMJH2BCXX_TAGGCATG-CGTCTAAT,,,115,,,,,0,2017-12-21 07:09:26
102.100.100.21885,Open Water,,2015-11-19,2015-12-16,Jodie van de Kamp,5,True,Ramaciotti,2016-04-18,21885_1_PE_700bp_MM_UNSW_HMJH2BCXX_GGACTCCT-CGTCTAAT,,,114,,,,,0,2017-12-21 07:09:26
102.100.100.21880,Open Water,,2015-11-19,2015-12-16,Jodie van de Kamp,5,True,Ramaciotti,2016-06-02,21880_1_PE_700bp_MM_UNSW_HMTKGBCXX_GCGTAGTA-GAGCCTTA,,,113,,,,,0,2017-12-21 07:09:26
102.100.100.21879,Open Water,,2015-11-19,2015-12-16,Jodie van de Kamp,5,True,Ramaciotti,2016-06-02,21879_1_PE_700bp_MM_UNSW_HMTKGBCXX_GCGTAGTA-AAGGCTAT,,,112,,,,,0,2017-12-21 07:09:26
102.100.100.21874,Open Water,,2015-11-19,2015-12-16,Jodie van de Kamp,5,True,Ramaciotti,2016-06-02,21874_1_PE_700bp_MM_UNSW_HMTKGBCXX_GCGTAGTA-CTATTAAG,,,111,,,,,0,2017-12-21 07:09:26
102.100.100.21873,Open Water,,2015-11-19,2015-12-16,Jodie van de Kamp,5,True,Ramaciotti,2016-06-02,21873_1_PE_700bp_MM_UNSW_HMTW3BCXX_GCGTAGTA-GCGTAAGA,,,110,,,,,0,2017-12-21 07:09:26
102.100.100.21868,Open Water,,2015-11-19,2015-12-16,Jodie van de Kamp,5,True,Ramaciotti,2016-06-02,21868_1_PE_700bp_MM_UNSW_HMTW3BCXX_GCGTAGTA-CCTAGAGT,,,109,,,,,0,2017-12-21 07:09:26
102.100.100.21867,Open Water,,2015-11-19,2015-12-16,Jodie van de Kamp,5,True,Ramaciotti,2016-06-02,21867_1_PE_700bp_MM_UNSW_HMTW3BCXX_GCGTAGTA-TTCTAGCT,,,108,,,,,0,2017-12-21 07:09:26
102.100.100.21862,Open Water,,2015-11-19,2015-12-16,Jodie van de Kamp,5,True,Ramaciotti,2016-06-02,21862_1_PE_700bp_MM_UNSW_HMTW3BCXX_GCGTAGTA-TCGACTAG,,,107,,,,,0,2017-12-21 07:09:26
102.100.100.21767,Open Water,,2015-11-19,2015-11-17,Mark Brown,5,True,Ramaciotti,2016-04-18,21767_1_PE_700bp_MM_UNSW_HMJH2BCXX_TCCTGAGC-CGTCTAAT,,,106,,,,,0,2017-12-21 07:09:26
102.100.100.21766,Open Water,,2015-11-19,2015-11-17,Mark Brown,5,True,Ramaciotti,2016-04-18,21766_1_PE_700bp_MM_UNSW_HMJH2BCXX_AGGCAGAA-CGTCTAAT,,,105,,,,,0,2017-12-21 07:09:26
102.100.100.21765,Open Water,,2015-11-19,2015-11-17,Mark Brown,5,True,Ramaciotti,2016-04-18,21765_1_PE_700bp_MM_UNSW_HMJH2BCXX_CGTACTAG-CGTCTAAT,,,104,,,,,0,2017-12-21 07:09:26
102.100.100.21764,Open Water,,2015-11-19,2015-11-17,Mark Brown,5,True,Ramaciotti,2016-04-18,21764_1_PE_700bp_MM_UNSW_HMJH2BCXX_TAAGGCGA-CGTCTAAT,,,103,,,,,0,2017-12-21 07:09:26
102.100.100.21763,Open Water,,2015-11-19,2015-11-17,Mark Brown,5,True,Ramaciotti,2016-06-02,21763_1_PE_700bp_MM_UNSW_HM7K2BCXX_ATCTCAGG-CTAAGCCT,,,102,,,,,0,2017-12-21 07:09:26
102.100.100.21762,Open Water,,2015-11-19,2015-11-17,Mark Brown,5,True,Ramaciotti,2016-06-02,21762_1_PE_700bp_MM_UNSW_HM7K2BCXX_GCTCATGA-CTAAGCCT,,,101,,,,,0,2017-12-21 07:09:26
102.100.100.21761,Open Water,,2015-11-19,2015-11-17,Mark Brown,5,True,Ramaciotti,2016-06-02,21761_1_PE_700bp_MM_UNSW_HMTKGBCXX_CGATCAGT-TTCTAGCT,,,100,,,,,0,2017-12-21 07:09:26
102.100.100.21760,Open Water,,2015-11-19,2015-11-17,Mark Brown,5,True,Ramaciotti,2016-06-02,21760_1_PE_700bp_MM_UNSW_HMTKGBCXX_CGATCAGT-TCGACTAG,,,99,,,,,0,2017-12-21 07:09:26
102.100.100.21759,Open Water,,2015-11-19,2015-11-17,Mark Brown,5,True,Ramaciotti,2016-06-02,21759_1_PE_700bp_MM_UNSW_HM7K2BCXX_GTAGAGGA-CTAAGCCT,,,98,,,,,0,2017-12-21 07:09:26
102.100.100.21758,Open Water,,2015-11-19,2015-11-17,Mark Brown,5,True,Ramaciotti,2016-06-02,21758_1_PE_700bp_MM_UNSW_HM7K2BCXX_AAGAGGCA-CTAAGCCT,,,97,,,,,0,2017-12-21 07:09:26
102.100.100.21757,Open Water,,2015-11-19,2015-11-17,Mark Brown,5,True,Ramaciotti,2016-06-02,21757_1_PE_700bp_MM_UNSW_HM7K2BCXX_CGAGGCTG-CTAAGCCT,,,96,,,,,0,2017-12-21 07:09:26
102.100.100.21756,Open Water,,2015-11-19,2015-11-17,Mark Brown,5,True,Ramaciotti,2016-06-02,21756_1_PE_700bp_MM_UNSW_HM7K2BCXX_CTCTCTAC-CTAAGCCT,,,95,,,,,0,2017-12-21 07:09:26
102.100.100.21755,Open Water,,2015-11-19,2015-11-17,Mark Brown,5,True,Ramaciotti,2016-04-18,21755_1_PE_700bp_MM_UNSW_HMJH2BCXX_TAGGCATG-CTAAGCCT,,,94,,,,,0,2017-12-21 07:09:26
102.100.100.21754,Open Water,,2015-11-19,2015-11-17,Mark Brown,5,True,Ramaciotti,2016-04-18,21754_1_PE_700bp_MM_UNSW_HMJH2BCXX_GGACTCCT-CTAAGCCT,,,93,,,,,0,2017-12-21 07:09:25
102.100.100.21753,Open Water,,2015-11-19,2015-11-17,Mark Brown,5,True,Ramaciotti,2016-04-18,21753_1_PE_700bp_MM_UNSW_HMJH2BCXX_TCCTGAGC-CTAAGCCT,,,92,,,,,0,2017-12-21 07:09:25
102.100.100.21752,Open Water,,2015-11-19,2015-11-17,Mark Brown,5,True,Ramaciotti,2016-04-18,21752_1_PE_700bp_MM_UNSW_HMJH2BCXX_AGGCAGAA-CTAAGCCT,,,91,,,,,0,2017-12-21 07:09:25
102.100.100.21751,Open Water,,2015-11-19,2015-11-17,Mark Brown,5,True,Ramaciotti,2016-04-18,21751_1_PE_700bp_MM_UNSW_HMJH2BCXX_CGTACTAG-CTAAGCCT,,,90,,,,,0,2017-12-21 07:09:25
102.100.100.21750,Open Water,,2015-11-19,2015-11-17,Mark Brown,5,True,Ramaciotti,2016-04-18,21750_1_PE_700bp_MM_UNSW_HMJH2BCXX_TAAGGCGA-CTAAGCCT,,,89,,,,,0,2017-12-21 07:09:25
102.100.100.21749,Open Water,,2015-11-19,2015-11-17,Mark Brown,5,True,Ramaciotti,2016-06-02,21749_1_PE_700bp_MM_UNSW_HMTKGBCXX_CCTAAGAC-TTATGCGA,,,88,,,,,0,2017-12-21 07:09:25
102.100.100.21748,Open Water,,2015-11-19,2015-11-17,Mark Brown,5,True,Ramaciotti,2016-06-02,21748_1_PE_700bp_MM_UNSW_HMTKGBCXX_CCTAAGAC-GAGCCTTA,,,87,,,,,0,2017-12-21 07:09:25
102.100.100.21747,Open Water,,2015-11-19,2015-11-17,Mark Brown,5,True,Ramaciotti,2016-06-02,21747_1_PE_700bp_MM_UNSW_HM7K2BCXX_ATCTCAGG-AAGGAGTA,,,86,,,,,0,2017-12-21 07:09:25
102.100.100.21746,Open Water,,2015-11-19,2015-11-17,Mark Brown,5,True,Ramaciotti,,,,,85,,,,,0,2017-12-21 07:09:25
102.100.100.21745,Open Water,,2015-11-19,2015-11-17,Mark Brown,5,True,Ramaciotti,2016-06-02,21745_1_PE_700bp_MM_UNSW_HM7K2BCXX_GTAGAGGA-AAGGAGTA,,,84,,,,,0,2017-12-21 07:09:25
102.100.100.21744,Open Water,,2015-11-19,2015-11-17,Mark Brown,5,True,Ramaciotti,2016-06-02,21744_1_PE_700bp_MM_UNSW_HM7K2BCXX_AAGAGGCA-AAGGAGTA,,,83,,,,,0,2017-12-21 07:09:25
102.100.100.21743,Open Water,,2015-11-19,2015-11-17,Mark Brown,5,True,Ramaciotti,2016-06-02,21743_1_PE_700bp_MM_UNSW_HM7K2BCXX_CGAGGCTG-AAGGAGTA,,,82,,,,,0,2017-12-21 07:09:25
102.100.100.21742,Open Water,,2015-11-19,2015-11-17,Mark Brown,5,True,Ramaciotti,2016-06-02,21742_1_PE_700bp_MM_UNSW_HM7K2BCXX_CTCTCTAC-AAGGAGTA,,,81,,,,,0,2017-12-21 07:09:25
102.100.100.21741,Open Water,,2015-11-19,2015-11-17,Mark Brown,5,True,Ramaciotti,2016-06-02,21741_1_PE_700bp_MM_UNSW_HMTKGBCXX_CCTAAGAC-AAGGCTAT,,,80,,,,,0,2017-12-21 07:09:25
102.100.100.21740,Open Water,,2015-11-19,2015-11-17,Mark Brown,5,True,Ramaciotti,2016-04-18,21740_1_PE_700bp_MM_UNSW_HMJH2BCXX_TAGGCATG-AAGGAGTA,,,79,,,,,0,2017-12-21 07:09:25
102.100.100.21739,Open Water,,2015-11-19,2015-11-17,Mark Brown,5,True,Ramaciotti,2016-04-18,21739_1_PE_700bp_MM_UNSW_HMJH2BCXX_GGACTCCT-AAGGAGTA,,,78,,,,,0,2017-12-21 07:09:25
102.100.100.21738,Open Water,,2015-11-19,2015-11-17,Mark Brown,5,True,Ramaciotti,2016-04-18,21738_1_PE_700bp_MM_UNSW_HMJH2BCXX_TCCTGAGC-AAGGAGTA,,,77,,,,,0,2017-12-21 07:09:25
102.100.100.21737,Open Water,,2015-11-19,2015-11-17,Mark Brown,5,True,Ramaciotti,2016-04-18,21737_1_PE_700bp_MM_UNSW_HMJH2BCXX_AGGCAGAA-AAGGAGTA,,,76,,,,,0,2017-12-21 07:09:25
102.100.100.21736,Open Water,,2015-11-19,2015-11-17,Mark Brown,5,True,Ramaciotti,2016-04-18,21736_1_PE_700bp_MM_UNSW_HMJH2BCXX_CGTACTAG-AAGGAGTA,,,75,,,,,0,2017-12-21 07:09:25
102.100.100.21735,Open Water,,2015-11-19,2015-11-17,Mark Brown,5,True,Ramaciotti,2016-04-18,21735_1_PE_700bp_MM_UNSW_HMJH2BCXX_TAAGGCGA-AAGGAGTA,,,74,,,,,0,2017-12-21 07:09:25
102.100.100.21734,Open Water,,2015-11-19,2015-11-17,Mark Brown,5,True,Ramaciotti,2016-06-02,21734_1_PE_700bp_MM_UNSW_HM7K2BCXX_ATGCGCAG-GCGTAAGA,,,73,,,,,0,2017-12-21 07:09:25
102.100.100.21733,Open Water,,2015-11-19,2015-11-17,Mark Brown,5,True,Ramaciotti,2016-04-18,21733_1_PE_700bp_MM_UNSW_HL7NGBCXX_ATCTCAGG-ACTGCATA,,,72,,,,,0,2017-12-21 07:09:25
102.100.100.21732,Open Water,,2015-11-19,2015-11-17,Mark Brown,5,True,Ramaciotti,2016-06-02,21732_1_PE_700bp_MM_UNSW_HMTKGBCXX_CCTAAGAC-CTATTAAG,,,71,,,,,0,2017-12-21 07:09:25
102.100.100.21731,Open Water,,2015-11-19,2015-11-17,Mark Brown,5,True,Ramaciotti,2016-04-18,21731_1_PE_700bp_MM_UNSW_HL7NGBCXX_GCTCATGA-ACTGCATA,,,70,,,,,0,2017-12-21 07:09:25
102.100.100.21730,Open Water,,2015-11-19,2015-11-17,Mark Brown,5,True,Ramaciotti,2016-04-18,21730_1_PE_700bp_MM_UNSW_HL7NGBCXX_GTAGAGGA-ACTGCATA,,,69,,,,,0,2017-12-21 07:09:25
102.100.100.21729,Open Water,,2015-11-19,2015-11-17,Mark Brown,5,True,Ramaciotti,2016-04-18,21729_1_PE_700bp_MM_UNSW_HL7NGBCXX_AAGAGGCA-ACTGCATA,,,68,,,,,0,2017-12-21 07:09:25
102.100.100.21728,Open Water,,2015-11-19,2015-11-17,Mark Brown,5,True,Ramaciotti,2016-04-18,21728_1_PE_700bp_MM_UNSW_HL7NGBCXX_CGAGGCTG-ACTGCATA,,,67,,,,,0,2017-12-21 07:09:25
102.100.100.21727,Open Water,,2015-11-19,2015-11-17,Mark Brown,5,True,Ramaciotti,2016-04-18,21727_1_PE_700bp_MM_UNSW_HL7NGBCXX_CTCTCTAC-ACTGCATA,,,66,,,,,0,2017-12-21 07:09:25
102.100.100.21726,Open Water,,2015-11-19,2015-11-17,Mark Brown,5,True,Ramaciotti,2016-04-15,21726_1_PE_700bp_MM_UNSW_HKL5CBCXX_TAGGCATG-ACTGCATA,,,65,,,,,0,2017-12-21 07:09:25
102.100.100.21725,Open Water,,2015-11-19,2015-11-17,Mark Brown,5,True,Ramaciotti,2016-06-02,21725_1_PE_700bp_MM_UNSW_HMTW3BCXX_CCTAAGAC-GCGTAAGA,,,64,,,,,0,2017-12-21 07:09:25
102.100.100.21724,Open Water,,2015-11-19,2015-11-17,Mark Brown,5,True,Ramaciotti,2016-06-02,21724_1_PE_700bp_MM_UNSW_HMTW3BCXX_CCTAAGAC-CCTAGAGT,,,63,,,,,0,2017-12-21 07:09:25
102.100.100.21723,Open Water,,2015-11-19,2015-11-17,Mark Brown,5,True,Ramaciotti,2016-04-15,21723_1_PE_700bp_MM_UNSW_HKL5CBCXX_GGACTCCT-ACTGCATA,,,62,,,,,0,2017-12-21 07:09:25
102.100.100.21722,Open Water,,2015-11-19,2015-11-17,Mark Brown,5,True,Ramaciotti,2016-04-15,21722_1_PE_700bp_MM_UNSW_HKL5CBCXX_TCCTGAGC-ACTGCATA,,,61,,,,,0,2017-12-21 07:09:25
102.100.100.21721,Open Water,,2015-11-19,2015-11-17,Mark Brown,5,True,Ramaciotti,2016-04-15,21721_1_PE_700bp_MM_UNSW_HKL5CBCXX_AGGCAGAA-ACTGCATA,,,60,,,,,0,2017-12-21 07:09:25
102.100.100.21720,Open Water,,2015-11-19,2015-11-17,Mark Brown,5,True,Ramaciotti,2016-04-15,21720_1_PE_700bp_MM_UNSW_HKL5CBCXX_CGTACTAG-ACTGCATA,,,59,,,,,0,2017-12-21 07:09:25
102.100.100.21719,Open Water,,2015-11-19,2015-11-17,Mark Brown,5,True,Ramaciotti,2016-06-02,21719_1_PE_700bp_MM_UNSW_HMTW3BCXX_CCTAAGAC-TTCTAGCT,,,58,,,,,0,2017-12-21 07:09:25
102.100.100.21718,Open Water,,2015-11-19,2015-11-17,Mark Brown,5,True,Ramaciotti,2016-06-02,21718_1_PE_700bp_MM_UNSW_HMTW3BCXX_CCTAAGAC-TCGACTAG,,,57,,,,,0,2017-12-21 07:09:25
102.100.100.21717,Open Water,,2015-11-19,2015-11-17,Mark Brown,5,True,Ramaciotti,2016-04-15,21717_1_PE_700bp_MM_UNSW_HKL5CBCXX_TAAGGCGA-ACTGCATA,,,56,,,,,0,2017-12-21 07:09:25
102.100.100.21716,Open Water,,2015-11-19,2015-11-17,Mark Brown,5,True,Ramaciotti,2016-06-02,21716_1_PE_700bp_MM_UNSW_HMTW3BCXX_ACTGAGCG-TTATGCGA,,,55,,,,,0,2017-12-21 07:09:25
102.100.100.21715,Open Water,,2015-11-19,2015-11-17,Mark Brown,5,True,Ramaciotti,2016-04-18,21715_1_PE_700bp_MM_UNSW_HL7NGBCXX_ATCTCAGG-GTAAGGAG,,,54,,,,,0,2017-12-21 07:09:25
102.100.100.21714,Open Water,,2015-11-19,2015-11-17,Mark Brown,5,True,Ramaciotti,2016-04-18,21714_1_PE_700bp_MM_UNSW_HL7NGBCXX_GCTCATGA-GTAAGGAG,,,53,,,,,0,2017-12-21 07:09:25
102.100.100.21713,Open Water,,2015-11-19,2015-11-17,Mark Brown,5,True,Ramaciotti,2016-06-02,21713_1_PE_700bp_MM_UNSW_HMTW3BCXX_ACTGAGCG-GAGCCTTA,,,52,,,,,0,2017-12-21 07:09:25
102.100.100.21712,Open Water,,2015-11-19,2015-11-17,Mark Brown,5,True,Ramaciotti,2016-04-18,21712_1_PE_700bp_MM_UNSW_HL7NGBCXX_GTAGAGGA-GTAAGGAG,,,51,,,,,0,2017-12-21 07:09:25
102.100.100.21711,Open Water,,2015-11-19,2015-11-17,Mark Brown,5,True,Ramaciotti,2016-04-18,21711_1_PE_700bp_MM_UNSW_HL7NGBCXX_AAGAGGCA-GTAAGGAG,,,50,,,,,0,2017-12-21 07:09:25
102.100.100.21710,Open Water,,2015-11-19,2015-11-17,Mark Brown,5,True,Ramaciotti,2016-04-18,21710_1_PE_700bp_MM_UNSW_HL7NGBCXX_CGAGGCTG-GTAAGGAG,,,49,,,,,0,2017-12-21 07:09:25
102.100.100.21709,Open Water,,2015-11-19,2015-11-17,Mark Brown,5,True,Ramaciotti,2016-04-18,21709_1_PE_700bp_MM_UNSW_HL7NGBCXX_CTCTCTAC-GTAAGGAG,,,48,,,,,0,2017-12-21 07:09:25
102.100.100.21708,Open Water,,2015-11-19,2015-11-17,Mark Brown,5,True,Ramaciotti,2016-04-15,21708_1_PE_700bp_MM_UNSW_HKL5CBCXX_TAGGCATG-GTAAGGAG,,,47,,,,,0,2017-12-21 07:09:25
102.100.100.21707,Open Water,,2015-11-19,2015-11-17,Mark Brown,5,True,Ramaciotti,2016-04-15,21707_1_PE_700bp_MM_UNSW_HKL5CBCXX_GGACTCCT-GTAAGGAG,,,46,,,,,0,2017-12-21 07:09:25
102.100.100.21706,Open Water,,2015-11-19,2015-11-17,Mark Brown,5,True,Ramaciotti,2016-04-15,21706_1_PE_700bp_MM_UNSW_HKL5CBCXX_TCCTGAGC-GTAAGGAG,,,45,,,,,0,2017-12-21 07:09:25
102.100.100.21705,Open Water,,2015-11-19,2015-11-17,Mark Brown,5,True,Ramaciotti,2016-04-15,21705_1_PE_700bp_MM_UNSW_HKL5CBCXX_AGGCAGAA-GTAAGGAG,,,44,,,,,0,2017-12-21 07:09:25
102.100.100.21704,Open Water,,2015-11-19,2015-11-17,Mark Brown,5,True,Ramaciotti,2016-04-15,21704_1_PE_700bp_MM_UNSW_HKL5CBCXX_CGTACTAG-GTAAGGAG,,,43,,,,,0,2017-12-21 07:09:25
102.100.100.21703,Open Water,,2015-11-19,2015-11-17,Mark Brown,5,True,Ramaciotti,2016-04-15,21703_1_PE_700bp_MM_UNSW_HKL5CBCXX_TAAGGCGA-GTAAGGAG,,,42,,,,,0,2017-12-21 07:09:25
102.100.100.21702,Open Water,,2015-11-19,2015-11-17,Mark Brown,5,True,Ramaciotti,2016-04-18,21702_1_PE_700bp_MM_UNSW_HL7NGBCXX_ATCTCAGG-TATCCTCT,,,41,,,,,0,2017-12-21 07:09:25
102.100.100.21701,Open Water,,2015-11-19,2015-11-17,Mark Brown,5,True,Ramaciotti,2016-04-18,21701_1_PE_700bp_MM_UNSW_HL7NGBCXX_GCTCATGA-TATCCTCT,,,40,,,,,0,2017-12-21 07:09:25
102.100.100.21700,Open Water,,2015-11-19,2015-11-17,Mark Brown,5,True,Ramaciotti,2016-04-18,21700_1_PE_700bp_MM_UNSW_HL7NGBCXX_GTAGAGGA-TATCCTCT,,,39,,,,,0,2017-12-21 07:09:25
102.100.100.21699,Open Water,,2015-11-19,2015-11-17,Mark Brown,5,True,Ramaciotti,2016-04-18,21699_1_PE_700bp_MM_UNSW_HL7NGBCXX_AAGAGGCA-TATCCTCT,,,38,,,,,0,2017-12-21 07:09:25
102.100.100.21698,Open Water,,2015-11-19,2015-11-17,Mark Brown,5,True,Ramaciotti,2016-04-18,21698_1_PE_700bp_MM_UNSW_HL7NGBCXX_CGAGGCTG-TATCCTCT,,,37,,,,,0,2017-12-21 07:09:25
102.100.100.21697,Open Water,,2015-11-19,2015-11-17,Mark Brown,5,True,Ramaciotti,2016-04-18,21697_1_PE_700bp_MM_UNSW_HL7NGBCXX_CTCTCTAC-TATCCTCT,,,36,,,,,0,2017-12-21 07:09:25
102.100.100.21696,Open Water,,2015-11-19,2015-11-17,Mark Brown,5,True,Ramaciotti,2016-04-15,21696_1_PE_700bp_MM_UNSW_HKL5CBCXX_TAGGCATG-TATCCTCT,,,35,,,,,0,2017-12-21 07:09:25
102.100.100.21695,Open Water,,2015-11-19,2015-11-17,Mark Brown,5,True,Ramaciotti,2016-04-15,21695_1_PE_700bp_MM_UNSW_HKL5CBCXX_GGACTCCT-TATCCTCT,,,34,,,,,0,2017-12-21 07:09:25
102.100.100.21694,Open Water,,2015-11-19,2015-11-17,Mark Brown,5,True,Ramaciotti,2016-04-15,21694_1_PE_700bp_MM_UNSW_HKL5CBCXX_TCCTGAGC-TATCCTCT,,,33,,,,,0,2017-12-21 07:09:25
102.100.100.21693,Open Water,,2015-11-19,2015-11-17,Mark Brown,5,True,Ramaciotti,2016-04-15,21693_1_PE_700bp_MM_UNSW_HKL5CBCXX_AGGCAGAA-TATCCTCT,,,32,,,,,0,2017-12-21 07:09:25
102.100.100.21692,Open Water,,2015-11-19,2015-11-17,Mark Brown,5,True,Ramaciotti,2016-04-15,21692_1_PE_700bp_MM_UNSW_HKL5CBCXX_CGTACTAG-TATCCTCT,,,31,,,,,0,2017-12-21 07:09:25
102.100.100.21691,Open Water,,2015-11-19,2015-11-17,Mark Brown,5,True,Ramaciotti,2016-04-15,21691_1_PE_700bp_MM_UNSW_HKL5CBCXX_TAAGGCGA-TATCCTCT,,,30,,,,,0,2017-12-21 07:09:25
102.100.100.21690,Open Water,,2015-11-19,2015-11-17,Mark Brown,5,True,Ramaciotti,2016-04-18,21690_1_PE_700bp_MM_UNSW_HL7NGBCXX_ATCTCAGG-CTCTCTAT,,,29,,,,,0,2017-12-21 07:09:25
102.100.100.21689,Open Water,,2015-11-19,2015-11-17,Mark Brown,5,True,Ramaciotti,2016-04-18,21689_1_PE_700bp_MM_UNSW_HL7NGBCXX_GCTCATGA-CTCTCTAT,,,28,,,,,0,2017-12-21 07:09:25
102.100.100.21688,Open Water,,2015-11-19,2015-11-17,Mark Brown,5,True,Ramaciotti,2016-04-18,21688_1_PE_700bp_MM_UNSW_HL7NGBCXX_GTAGAGGA-CTCTCTAT,,,27,,,,,0,2017-12-21 07:09:25
102.100.100.21687,Open Water,,2015-11-19,2015-11-17,Mark Brown,5,True,Ramaciotti,2016-04-18,21687_1_PE_700bp_MM_UNSW_HL7NGBCXX_AAGAGGCA-CTCTCTAT,,,26,,,,,0,2017-12-21 07:09:25
102.100.100.21686,Open Water,,2015-11-19,2015-11-17,Mark Brown,5,True,Ramaciotti,2016-04-18,21686_1_PE_700bp_MM_UNSW_HL7NGBCXX_CGAGGCTG-CTCTCTAT,,,25,,,,,0,2017-12-21 07:09:25
102.100.100.21685,Open Water,,2015-11-19,2015-11-17,Mark Brown,5,True,Ramaciotti,2016-04-18,21685_1_PE_700bp_MM_UNSW_HL7NGBCXX_CTCTCTAC-CTCTCTAT,,,24,,,,,0,2017-12-21 07:09:25
102.100.100.21684,Open Water,,2015-11-19,2015-11-17,Mark Brown,5,True,Ramaciotti,2016-04-15,21684_1_PE_700bp_MM_UNSW_HKL5CBCXX_TAGGCATG-CTCTCTAT,,,23,,,,,0,2017-12-21 07:09:25
102.100.100.21683,Open Water,,2015-11-19,2015-11-17,Mark Brown,5,True,Ramaciotti,2016-04-15,21683_1_PE_700bp_MM_UNSW_HKL5CBCXX_GGACTCCT-CTCTCTAT,,,22,,,,,0,2017-12-21 07:09:25
102.100.100.21682,Open Water,,2015-11-19,2015-11-17,Mark Brown,5,True,Ramaciotti,,,,,21,,,,,0,2017-12-21 07:09:25
102.100.100.21681,Open Water,,2015-11-19,2015-11-17,Mark Brown,5,True,Ramaciotti,2016-04-15,21681_1_PE_700bp_MM_UNSW_HKL5CBCXX_TCCTGAGC-CTCTCTAT,,,20,,,,,0,2017-12-21 07:09:25
102.100.100.21680,Open Water,,2015-11-19,2015-11-17,Mark Brown,5,True,Ramaciotti,,,,,19,,,,,0,2017-12-21 07:09:25
102.100.100.21679,Open Water,,2015-11-19,2015-11-17,Mark Brown,5,True,Ramaciotti,2016-04-15,21679_1_PE_700bp_MM_UNSW_HKL5CBCXX_AGGCAGAA-CTCTCTAT,,,18,,,,,0,2017-12-21 07:09:25
102.100.100.21678,Open Water,,2015-11-19,2015-11-17,Mark Brown,5,True,Ramaciotti,,,,,17,,,,,0,2017-12-21 07:09:25
102.100.100.21677,Open Water,,2015-11-19,2015-11-17,Mark Brown,5,True,Ramaciotti,2016-04-15,21677_1_PE_700bp_MM_UNSW_HKL5CBCXX_CGTACTAG-CTCTCTAT,,,16,,,,,0,2017-12-21 07:09:25
102.100.100.21676,Open Water,,2015-11-19,2015-11-17,Mark Brown,5,True,Ramaciotti,,,,,15,,,,,0,2017-12-21 07:09:25
102.100.100.21675,Open Water,,2015-11-19,2015-11-17,Mark Brown,5,True,Ramaciotti,2016-04-15,21675_1_PE_700bp_MM_UNSW_HKL5CBCXX_TAAGGCGA-CTCTCTAT,,,14,,,,,0,2017-12-21 07:09:25
102.100.100.21674,Open Water,,2015-11-19,2015-11-17,Mark Brown,5,True,Ramaciotti,,,,,13,,,,,0,2017-12-21 07:09:25
102.100.100.21655,Open Water,,2015-09-30,2015-05-13,Jodie van de Kamp,2,True,AGRF,2015-07-02,21655_1_PE_680bp_MM_AGRF_H3VJJBCXX_GTAGAGGA,,,12,,,,,0,2017-12-21 07:09:25
102.100.100.21654,Open Water,,2015-09-30,2015-05-13,Jodie van de Kamp,2,True,AGRF,2015-07-02,21654_1_PE_680bp_MM_AGRF_H3VJJBCXX_AAGAGGCA,,,11,,,,,0,2017-12-21 07:09:25
102.100.100.21653,Open Water,,2015-09-30,2015-05-13,Jodie van de Kamp,2,True,AGRF,2015-07-02,21653_1_PE_680bp_MM_AGRF_H3VJJBCXX_CGAGGCTG,,,10,,,,,0,2017-12-21 07:09:25
102.100.100.21652,Open Water,,2015-09-30,2015-05-13,Jodie van de Kamp,2,True,AGRF,2015-07-02,21652_1_PE_680bp_MM_AGRF_H3VJJBCXX_GCTACGCT,,,9,,,,,0,2017-12-21 07:09:25
102.100.100.21651,Open Water,,2015-09-30,2015-05-13,Jodie van de Kamp,2,True,AGRF,2015-07-02,21651_1_PE_680bp_MM_AGRF_H3VJJBCXX_CAGAGAGG,,,8,,,,,0,2017-12-21 07:09:25
102.100.100.21650,Open Water,,2015-09-30,2015-05-13,Jodie van de Kamp,2,True,AGRF,2015-07-02,21650_1_PE_680bp_MM_AGRF_H3VJJBCXX_CTCTCTAC,,,7,,,,,0,2017-12-21 07:09:25
102.100.100.21649,Open Water,,2015-09-30,2015-05-13,Jodie van de Kamp,2,True,AGRF,2015-07-02,21649_1_PE_680bp_MM_AGRF_H3VJJBCXX_TAGGCATG,,,6,,,,,0,2017-12-21 07:09:25
102.100.100.21648,Open Water,,2015-09-30,2015-05-13,Jodie van de Kamp,2,True,AGRF,2015-07-02,21648_1_PE_680bp_MM_AGRF_H3VJJBCXX_GGACTCCT,,,5,,,,,0,2017-12-21 07:09:25
102.100.100.21647,Open Water,,2015-09-30,2015-05-13,Jodie van de Kamp,2,True,AGRF,2015-07-02,21647_1_PE_680bp_MM_AGRF_H3VJJBCXX_TCCTGAGC,,,4,,,,,0,2017-12-21 07:09:25
102.100.100.21646,Open Water,,2015-09-30,2015-05-13,Jodie van de Kamp,2,True,AGRF,2015-07-02,21646_1_PE_680bp_MM_AGRF_H3VJJBCXX_AGGCAGAA,,,3,,,,,0,2017-12-21 07:09:25
102.100.100.21645,Open Water,,2015-09-30,2015-05-13,Jodie van de Kamp,2,True,AGRF,2015-07-02,21645_1_PE_680bp_MM_AGRF_H3VJJBCXX_CGTACTAG,,,2,,,,,0,2017-12-21 07:09:25
102.100.100.21644,Open Water,,2015-09-30,2015-05-13,Jodie van de Kamp,2,True,AGRF,2015-07-02,21644_1_PE_680bp_MM_AGRF_H3VJJBCXX_TAAGGCGA,,,1,,,,,0,2017-12-21 07:09:25
