Facility,Date of transfer,Description,"Data Type (Pre-pilot, pilot or main dataset)",Raw or Analysed data,Taxon_OR_organism,Strain_OR_isolate,Growth Media,BPA ID (1),BPA ID (2),BPA ID (3),BPA ID (4),BPA ID (5),BPA ID (6),BPA ID (7),BPA ID (8),BPA ID (9),BPA ID (10),BPA ID (11),BPA ID (12),BPA ID (13),BPA ID (14),BPA ID (15),Data type,Folder name,Date of transfer to archive,File Count,CCG JIRA Ticket,Download,"Note
"
Ramaciotti,25/05/2016,MiSeq data package,Main dataset,Raw data,Streptococcus pyogenes,,N/A,25705,25706,25707,25708,25709,,,,,,,,,,,FASTQ,20160525_UNSW_BPA_Sepsis_APAFC,25/05/2016,,BRLOPS-805,https://downloads-mu.bioplatforms.com/bpa/sepsis/genomics/raw/miseq/ramaciotti/BRLOPS-805/,
Ramaciotti,27/05/2016,PacBio raw data package,Main dataset,Raw data,Streptococcus pyogenes,,N/A,25705,25706,25707,25708,25709,,,,,,,,,,,"FASTQ, FASTA, BAX, BAS",,27/05/2016,,BRLOPS-812,https://downloads-mu.bioplatforms.com/bpa/sepsis/genomics/raw/pacbio/ramaciotti/BRLOPS-812/,
Ramaciotti,17/08/2016,PacBio raw data package,Main dataset,Raw data,Klebsiella pneumoniae/Staphylococcus aureus,,N/A,25726,25727,25745,,,,,,,,,,,,,"FASTQ, FASTA, BAX, BAS",Sepsis_UNSW_20160725.tar,17/08/2016,,BRLOPS-845,https://downloads-qcif.bioplatforms.com/bpa/sepsis/genomics/raw/pacbio/ramaciotti/BRLOPS-845/,
Ramaciotti,17/08/2016,PacBio raw data package,Main dataset,Raw data,Klebsiella pneumoniae/Staphylococcus aureus,,N/A,25746,25747,25748,25749,25725,25728,25729,25730,,,,,,,,"FASTQ, FASTA, BAX, BAS",Sepsis_UNSW_20160801.tar,17/08/2016,,BRLOPS-846,https://downloads-qcif.bioplatforms.com/bpa/sepsis/genomics/raw/pacbio/ramaciotti/BRLOPS-846/,
Ramaciotti,17/08/2016,MiSeq data package,Main dataset,Raw data,Klebsiella pneumoniae/Staphylococcus aureus/Streptococcus pneumoniae,,N/A,25725,25726,25727,25728,25729,25730,25745,25746,25747,25748,25749,25785,25786,25787,25788,FASTQ,20160817_UNSW_BPA_Sepsis_ARE4E,18/08/2016,,BRLOPS-847,https://downloads-qcif.bioplatforms.com/bpa/sepsis/genomics/raw/miseq/ramaciotti/BRLOPS-847/,
Ramaciotti,17/08/2016,PacBio raw data package,Main dataset,Raw data,Streptococcus pneumoniae,,N/A,25785,25786,,,,,,,,,,,,,,"FASTQ, FASTA, BAX, BAS",Sepsis_UNSW_20160811.tar,18/08/2016,,BRLOPS-849,https://downloads-qcif.bioplatforms.com/bpa/sepsis/genomics/raw/pacbio/ramaciotti/BRLOPS-849/,
Ramaciotti,17/08/2016,PacBio data analysis package,Main dataset,Raw data,Streptococcus pyogenes/Klebsiella pneumoniae/Staphylococcus aureus,,N/A,25705,25706,25707,25708,25709,25726,25727,25728,25729,25730,25745,25746,25747,25748,25749,"FASTA, FAA",Sepsis_UNSW_PAC_analysis_output_folder.tar,18/08/2016,,BRLOPS-848,https://downloads-qcif.bioplatforms.com/bpa/sepsis/genomics/analysed/ramaciotti/BRLOPS-848/,"Deleted from CCG Archive, copy kept at BPA Dropbox"
Ramaciotti,09/09/2016,PacBio raw data package,Main dataset,Raw data,Streptococcus pneumoniae,,N/A,25787,,,,,,,,,,,,,,,"FASTQ, FASTA, BAX, BAS",Sepsis_UNSW_20160825,12/09/2016,,BPAOPS-1,https://downloads-qcif.bioplatforms.com/bpa/sepsis/genomics/raw/pacbio/ramaciotti/BPAOPS-1/,
Ramaciotti,09/09/2016,PacBio raw data package,Main dataset,Raw data,Streptococcus pneumoniae,,N/A,25788,,,,,,,,,,,,,,,"FASTQ, FASTA, BAX, BAS",Sepsis_UNSW_20160815,12/09/2016,,BPAOPS-2,https://downloads-qcif.bioplatforms.com/bpa/sepsis/genomics/raw/pacbio/ramaciotti/BPAOPS-2/,
Ramaciotti,09/09/2016,PacBio raw data package,Main dataset,Raw data,Escherichia coli,,N/A,25765,25766,25768,,,,,,,,,,,,,"FASTQ, FASTA, BAX, BAS",Sepsis_UNSW_20160905,12/09/2016,,BPAOPS-3,https://downloads-qcif.bioplatforms.com/bpa/sepsis/genomics/raw/pacbio/ramaciotti/BPAOPS-3/,
Ramaciotti,09/09/2016,PacBio raw data package,Main dataset,Raw data,Escherichia coli,,N/A,25769,,,,,,,,,,,,,,,"FASTQ, FASTA, BAX, BAS",Sepsis_UNSW_20160811_PET,12/09/2016,,BPAOPS-4,https://downloads-qcif.bioplatforms.com/bpa/sepsis/genomics/raw/pacbio/ramaciotti/BPAOPS-4/,
Ramaciotti,14/09/2016,PacBio raw data package,Main dataset,Raw data,Escherichia coli,,N/A,25767,,,,,,,,,,,,,,,"FASTQ, FASTA, BAX, BAS",Sepsis_UNSW_20160913,15/09/2016,,BPAOPS-15,https://downloads-qcif.bioplatforms.com/bpa/sepsis/genomics/raw/pacbio/ramaciotti/BPAOPS-15/,
AGRF,17/10/2016,HiSeq,Pilot,Raw data,Klebsiella pneumoniae,AJ218,RPMI,25861,25862,25863,25864,25865,25866,,,,,,,,,,FASTQ,20161017_AGRF_BPA_Sepsis_CA3FUANXX,17/10/2016,,BPAOPS-34,https://downloads-qcif.bioplatforms.com/bpa/sepsis/transcriptomics/raw/hiseq/agrf/BPAOPS-34/,
AGRF,17/10/2016,HiSeq ,Pilot,Raw data,Klebsiella pneumoniae,KPC2,RPMI,25867,25868,25869,25870,25871,25872,,,,,,,,,,FASTQ,20161017_AGRF_BPA_Sepsis_CA3FUANXX,17/10/2016,,BPAOPS-34,https://downloads-qcif.bioplatforms.com/bpa/sepsis/transcriptomics/raw/hiseq/agrf/BPAOPS-34/,
AGRF,17/10/2016,HiSeq ,Pilot,Raw data,Staphylococcus aureus,BPH2900,RPMI,25873,25874,25875,25876,25877,25878,,,,,,,,,,FASTQ,20161017_AGRF_BPA_Sepsis_CA3FUANXX,17/10/2016,,BPAOPS-34,https://downloads-qcif.bioplatforms.com/bpa/sepsis/transcriptomics/raw/hiseq/agrf/BPAOPS-34/,
AGRF,17/10/2016,HiSeq ,Pilot,Raw data,Staphylococcus aureus,BPH2760,RPMI,25879,25880,25881,25882,25883,25884,,,,,,,,,,FASTQ,20161017_AGRF_BPA_Sepsis_CA3FUANXX,17/10/2016,,BPAOPS-34,https://downloads-qcif.bioplatforms.com/bpa/sepsis/transcriptomics/raw/hiseq/agrf/BPAOPS-34/,
Metabolomics Australia,21/10/2016,Metabolomics Raw data,Pilot,Raw data,Klebsiella pneumoniae,AJ218,RPMI,25817,25818,25819,25820,25821,25822,,,,,,,,,,Raw LC-MS,20161021_MA_BPA_ARPI_20161021,21/10/2016,,BPAOPS-46,https://downloads-qcif.bioplatforms.com/bpa/sepsis/metabolomics/raw/lcms/ma/BPAOPS-46/,
Metabolomics Australia,21/10/2016,Metabolomics Raw data,Pilot,Raw data,Klebsiella pneumoniae,KPC2,RPMI,25823,25824,25825,25826,25827,25828,,,,,,,,,,Raw LC-MS,20161021_MA_BPA_ARPI_20161021,21/10/2016,,BPAOPS-46,https://downloads-qcif.bioplatforms.com/bpa/sepsis/metabolomics/raw/lcms/ma/BPAOPS-46/,
Metabolomics Australia,21/10/2016,Metabolomics Raw data,Pilot,Raw data,Staphylococcus aureus,BPH2900,RPMI,25829,25830,25831,25832,25833,25834,,,,,,,,,,Raw LC-MS,20161021_MA_BPA_ARPI_20161021,21/10/2016,,BPAOPS-46,https://downloads-qcif.bioplatforms.com/bpa/sepsis/metabolomics/raw/lcms/ma/BPAOPS-46/,
Metabolomics Australia,21/10/2016,Metabolomics Raw data,Pilot,Raw data,Staphylococcus aureus,BPH2760,RPMI,25835,25836,25857,25858,25859,25860,,,,,,,,,,Raw LC-MS,20161021_MA_BPA_ARPI_20161021,21/10/2016,,BPAOPS-46,https://downloads-qcif.bioplatforms.com/bpa/sepsis/metabolomics/raw/lcms/ma/BPAOPS-46/,
Ramaciotti,21/10/2016,PacBio raw data package,Main dataset,Raw data,Streptococcus pneumoniae,180/15,N/A,25789,,,,,,,,,,,,,,,"FASTQ, FASTA, BAX, BAS",Sepsis_UNSW_20161021,25/10/2016,,BPAOPS-39,https://downloads-qcif.bioplatforms.com/bpa/sepsis/genomics/raw/pacbio/ramaciotti/BPAOPS-39/,
APAF,03/11/2016,Proteomics Raw data ,Pre-pilot,Raw data,Klebsiella pneumoniae,AJ218,RPMI,25805,25806,25807,25808,,,,,,,,,,,,Raw,20161103_APAF_BPA_Sepsis_P19471,03/11/2016,,BPAOPS-50,https://downloads-qcif.bioplatforms.com/bpa/sepsis/proteomics/raw/swathms/apaf/BPAOPS-50/,
APAF,03/11/2016,Proteomics Raw data ,Pre-pilot,Raw data,Staphylococcus aureus,NRSA384,RPMI,25809,25810,25811,25812,,,,,,,,,,,,Raw,20161103_APAF_BPA_Sepsis_P19471,03/11/2016,,BPAOPS-50,https://downloads-qcif.bioplatforms.com/bpa/sepsis/proteomics/raw/swathms/apaf/BPAOPS-50/,
Ramaciotti,30/11/2016,MiSeq data package,Main dataset,Raw data,E.coli/S. pneumoniae,,N/A,25765,25766,25767,25768,25769,25789,,,,,,,,,,FASTQ,20161130_UNSW_BPA_Sepsis_AVDMD,30/11/2016,,BPAOPS-61,https://downloads-qcif.bioplatforms.com/bpa/sepsis/genomics/raw/miseq/ramaciotti/BPAOPS-61/,
Metabolomics Australia,13/12/2016,Metabolomics Raw data,Pilot,Analysed data,Klebsiella pneumoniae,AJ218,RPMI,25817,25818,25819,25820,25821,25822,,,,,,,,,,Analysed LC-MS,20161213_Analysed data_Metabolomics_BPA_Sepsis_MA_20161129,13/12/2016,,BPAOPS-68,https://downloads-qcif.bioplatforms.com/bpa/sepsis/metabolomics/analysed/ma/BPAOPS-68/,
Metabolomics Australia,13/12/2016,Metabolomics Raw data,Pilot,Analysed data,Klebsiella pneumoniae,KPC2,RPMI,25823,25824,25825,25826,25827,25828,,,,,,,,,,Analysed LC-MS,20161213_Analysed data_Metabolomics_BPA_Sepsis_MA_20161129,13/12/2016,,BPAOPS-68,https://downloads-qcif.bioplatforms.com/bpa/sepsis/metabolomics/analysed/ma/BPAOPS-68/,
Metabolomics Australia,13/12/2016,Metabolomics Raw data,Pilot,Analysed data,Staphylococcus aureus,BPH2900,RPMI,25829,25830,25831,25832,25833,25834,,,,,,,,,,Analysed LC-MS,20161213_Analysed data_Metabolomics_BPA_Sepsis_MA_20161129,13/12/2016,,BPAOPS-68,https://downloads-qcif.bioplatforms.com/bpa/sepsis/metabolomics/analysed/ma/BPAOPS-68/,
Metabolomics Australia,13/12/2016,Metabolomics Raw data,Pilot,Analysed data,Staphylococcus aureus,BPH2760,RPMI,25835,25836,25857,25858,25859,25860,,,,,,,,,,Analysed LC-MS,20161213_Analysed data_Metabolomics_BPA_Sepsis_MA_20161129,13/12/2016,,BPAOPS-68,https://downloads-qcif.bioplatforms.com/bpa/sepsis/metabolomics/analysed/ma/BPAOPS-68/,
APAF,11/01/2017,Proteomics Analysed data,Pre-pilot,Analysed data,Klebsiella pneumoniae,AJ218,RPMI,25805,25806,25807,25808,,,,,,,,,,,,Excel,20170111_Analysed data_Proteomics_BPA_Sepsis_APAF_P19471_20161025,11/01/2017,,BPAOPS-74,https://downloads-qcif.bioplatforms.com/bpa/sepsis/proteomics/analysed/apaf/BPAOPS-74/,
APAF,11/01/2017,Proteomics Analysed data,Pre-pilot,Analysed data,Staphylococcus aureus,NRSA384,RPMI,25809,25810,25811,25812,,,,,,,,,,,,Excel,20170111_Analysed data_Proteomics_BPA_Sepsis_APAF_P19471_20161025,11/01/2017,,BPAOPS-74,https://downloads-qcif.bioplatforms.com/bpa/sepsis/proteomics/analysed/apaf/BPAOPS-74/,
MBPF,24/01/2017,Proteomics Raw data,Pre-pilot,Raw data,Klebsiella pneumoniae,AJ218,RPMI,25813,25814,25815,25816,,,,,,,,,,,,Raw,20170117_MBPF_BPA_Sepsis_20160928,14/02/2017,,BPAOPS-77,https://downloads-qcif.bioplatforms.com/bpa/sepsis/proteomics/raw/ms1quantification/mbpf/BPAOPS-77/,
MBPF,24/01/2017,Proteomics Raw data,Pre-pilot,Raw data,Staphylococcus aureus,NRSA384,RPMI,26087,26088,26089,26090,,,,,,,,,,,,Raw,20170117_MBPF_BPA_Sepsis_20160928,14/02/2017,,BPAOPS-77,https://downloads-qcif.bioplatforms.com/bpa/sepsis/proteomics/raw/ms1quantification/mbpf/BPAOPS-77/,
MBPF,24/01/2017,Proteomics Analysed data,Pre-pilot,Analysed data,Klebsiella pneumoniae,AJ218,RPMI,25813,25814,25815,25816,,,,,,,,,,,,"Analysed LC-MS (zip, multiple)",20170117_Analysed data_Proteomics_BPA_Sepsis_MBPF_P16_0062_Exp1_Exp2_20161129,14/02/2017,,BPAOPS-78,https://downloads-qcif.bioplatforms.com/bpa/sepsis/proteomics/analysed/mbpf/BPAOPS-78/,
MBPF,24/01/2017,Proteomics Analysed data,Pre-pilot,Analysed data,Staphylococcus aureus,NRSA384,RPMI,26087,26088,26089,26090,,,,,,,,,,,,"Analysed LC-MS (zip, multiple)",20170117_Analysed data_Proteomics_BPA_Sepsis_MBPF_P16_0062_Exp1_Exp2_20161129,14/02/2017,,BPAOPS-78,https://downloads-qcif.bioplatforms.com/bpa/sepsis/proteomics/analysed/mbpf/BPAOPS-78/,
AGRF,02/03/2017,Transcriptomics Analysed data,Pilot,Analysed data,Klebsiella pneumoniae,AJ218,RPMI,25861,25862,25863,25864,25865,25866,,,,,,,,,,Analysed Transcriptomics,20170302_Analysed_data_Transcriptomics_BPA_Sepsis_AGRF_20161106,02/03/2017,,BPAOPS-82,https://downloads-qcif.bioplatforms.com/bpa/sepsis/transcriptomics/analysed/agrf/BPAOPS-82/,
AGRF,02/03/2017,Transcriptomics Analysed data,Pilot,Analysed data,Klebsiella pneumoniae,KPC2,RPMI,25867,25868,25869,25870,25871,25872,,,,,,,,,,Analysed Transcriptomics,20170302_Analysed_data_Transcriptomics_BPA_Sepsis_AGRF_20161106,02/03/2017,,BPAOPS-82,https://downloads-qcif.bioplatforms.com/bpa/sepsis/transcriptomics/analysed/agrf/BPAOPS-82/,
AGRF,02/03/2017,Transcriptomics Analysed data,Pilot,Analysed data,Staphylococcus aureus,BPH2900,RPMI,25873,25874,25875,25876,25877,25878,,,,,,,,,,Analysed Transcriptomics,20170302_Analysed_data_Transcriptomics_BPA_Sepsis_AGRF_20161106,02/03/2017,,BPAOPS-82,https://downloads-qcif.bioplatforms.com/bpa/sepsis/transcriptomics/analysed/agrf/BPAOPS-82/,
AGRF,02/03/2017,Transcriptomics Analysed data,Pilot,Analysed data,Staphylococcus aureus,BPH2760,RPMI,25879,25880,25881,25882,25883,25884,,,,,,,,,,Analysed Transcriptomics,20170302_Analysed_data_Transcriptomics_BPA_Sepsis_AGRF_20161106,02/03/2017,,BPAOPS-82,https://downloads-qcif.bioplatforms.com/bpa/sepsis/transcriptomics/analysed/agrf/BPAOPS-82/,
MBPF,03/03/2017,Proteomics Raw data,Pilot,Raw data,Klebsiella pneumoniae,AJ218,RPMI,25885,25886,25887,25888,25889,25890,,,,,,,,,,Raw,20170215_MBPF_BPA_Sepsis_20161105,21/3/2017,,BPAOPS-94,https://downloads-qcif.bioplatforms.com/bpa/sepsis/proteomics/raw/ms1quantification/mbpf/BPAOPS-94/,
MBPF,03/03/2017,Proteomics Raw data,Pilot,Raw data,Klebsiella pneumoniae,KPC2,RPMI,25891,25892,25893,25894,25895,25896,,,,,,,,,,Raw,20170215_MBPF_BPA_Sepsis_20161105,21/3/2017,,BPAOPS-94,https://downloads-qcif.bioplatforms.com/bpa/sepsis/proteomics/raw/ms1quantification/mbpf/BPAOPS-94/,
MBPF,03/03/2017,Proteomics Raw data,Pilot,Raw data,Staphylococcus aureus,BPH2900,RPMI,25897,25898,25899,25900,25901,25902,,,,,,,,,,Raw,20170215_MBPF_BPA_Sepsis_20161105,21/3/2017,,BPAOPS-94,https://downloads-qcif.bioplatforms.com/bpa/sepsis/proteomics/raw/ms1quantification/mbpf/BPAOPS-94/,
MBPF,03/03/2017,Proteomics Raw data,Pilot,Raw data,Staphylococcus aureus,BPH2760,RPMI,25903,25904,25905,25906,25907,25908,,,,,,,,,,Raw,20170215_MBPF_BPA_Sepsis_20161105,21/3/2017,,BPAOPS-94,https://downloads-qcif.bioplatforms.com/bpa/sepsis/proteomics/raw/ms1quantification/mbpf/BPAOPS-94/,
MBPF,03/03/2017,Proteomics Analysed data,Pilot,Analysed data,Klebsiella pneumoniae,AJ218,RPMI,25885,25886,25887,25888,25889,25890,,,,,,,,,,"Analysed LC-MS (zip, multiple)",20170220_Analysed data_Proteomics_BPA_Sepsis_MBPF_P16_0062_Exp3_20170220,22/3/2017,,BPAOPS-95,https://downloads-qcif.bioplatforms.com/bpa/sepsis/proteomics/analysed/mbpf/BPAOPS-95/,
MBPF,03/03/2017,Proteomics Analysed data,Pilot,Analysed data,Klebsiella pneumoniae,KPC2,RPMI,25891,25892,25893,25894,25895,25896,,,,,,,,,,"Analysed LC-MS (zip, multiple)",20170220_Analysed data_Proteomics_BPA_Sepsis_MBPF_P16_0062_Exp3_20170220,23/3/2017,,BPAOPS-95,https://downloads-qcif.bioplatforms.com/bpa/sepsis/proteomics/analysed/mbpf/BPAOPS-95/,
VLSCI,23/03/2017,Genome assemblies and annotations,Main dataset,Analysed data,Streptococcus pyogenes,5448,N/A,25705,,,,,,,,,,,,,,,Analysed Genomics,Analysed_data_Genomics_BPA_Sepsis_VLSCI_20170306,24/3/2017,,BPAOPS-96,https://downloads-qcif.bioplatforms.com/bpa/sepsis/genomics/analysed/vlsci/BPAOPS-96/,
VLSCI,23/03/2017,Genome assemblies and annotations,Main dataset,Analysed data,Streptococcus pyogenes,SP444,N/A,25706,,,,,,,,,,,,,,,Analysed Genomics,Analysed_data_Genomics_BPA_Sepsis_VLSCI_20170306,24/3/2017,,BPAOPS-96,https://downloads-qcif.bioplatforms.com/bpa/sepsis/genomics/analysed/vlsci/BPAOPS-96/,
VLSCI,23/03/2017,Genome assemblies and annotations,Main dataset,Analysed data,Streptococcus pyogenes,HKU419,N/A,25707,,,,,,,,,,,,,,,Analysed Genomics,Analysed_data_Genomics_BPA_Sepsis_VLSCI_20170306,24/3/2017,,BPAOPS-96,https://downloads-qcif.bioplatforms.com/bpa/sepsis/genomics/analysed/vlsci/BPAOPS-96/,
VLSCI,23/03/2017,Genome assemblies and annotations,Main dataset,Analysed data,Streptococcus pyogenes,PS003,N/A,25708,,,,,,,,,,,,,,,Analysed Genomics,Analysed_data_Genomics_BPA_Sepsis_VLSCI_20170306,24/3/2017,,BPAOPS-96,https://downloads-qcif.bioplatforms.com/bpa/sepsis/genomics/analysed/vlsci/BPAOPS-96/,
VLSCI,23/03/2017,Genome assemblies and annotations,Main dataset,Analysed data,Streptococcus pyogenes,PS006,N/A,25709,,,,,,,,,,,,,,,Analysed Genomics,Analysed_data_Genomics_BPA_Sepsis_VLSCI_20170306,24/3/2017,,BPAOPS-96,https://downloads-qcif.bioplatforms.com/bpa/sepsis/genomics/analysed/vlsci/BPAOPS-96/,
VLSCI,23/03/2017,Genome assemblies and annotations,Main dataset,Analysed data,Klebsiella pneumoniae,AJ055,N/A,25725,,,,,,,,,,,,,,,Analysed Genomics,Analysed_data_Genomics_BPA_Sepsis_VLSCI_20170306,24/3/2017,,BPAOPS-96,https://downloads-qcif.bioplatforms.com/bpa/sepsis/genomics/analysed/vlsci/BPAOPS-96/,
VLSCI,23/03/2017,Genome assemblies and annotations,Main dataset,Analysed data,Klebsiella pneumoniae,AJ218,N/A,25726,,,,,,,,,,,,,,,Analysed Genomics,Analysed_data_Genomics_BPA_Sepsis_VLSCI_20170306,24/3/2017,,BPAOPS-96,https://downloads-qcif.bioplatforms.com/bpa/sepsis/genomics/analysed/vlsci/BPAOPS-96/,
VLSCI,23/03/2017,Genome assemblies and annotations,Main dataset,Analysed data,Klebsiella pneumoniae,AJ292,N/A,25727,,,,,,,,,,,,,,,Analysed Genomics,Analysed_data_Genomics_BPA_Sepsis_VLSCI_20170306,24/3/2017,,BPAOPS-96,https://downloads-qcif.bioplatforms.com/bpa/sepsis/genomics/analysed/vlsci/BPAOPS-96/,
VLSCI,23/03/2017,Genome assemblies and annotations,Main dataset,Analysed data,Klebsiella pneumoniae,KPC2,N/A,25728,,,,,,,,,,,,,,,Analysed Genomics,Analysed_data_Genomics_BPA_Sepsis_VLSCI_20170306,24/3/2017,,BPAOPS-96,https://downloads-qcif.bioplatforms.com/bpa/sepsis/genomics/analysed/vlsci/BPAOPS-96/,
VLSCI,23/03/2017,Genome assemblies and annotations,Main dataset,Analysed data,Klebsiella pneumoniae,03-311-0071,N/A,25729,,,,,,,,,,,,,,,Analysed Genomics,Analysed_data_Genomics_BPA_Sepsis_VLSCI_20170306,24/3/2017,,BPAOPS-96,https://downloads-qcif.bioplatforms.com/bpa/sepsis/genomics/analysed/vlsci/BPAOPS-96/,
VLSCI,23/03/2017,Genome assemblies and annotations,Main dataset,Analysed data,Klebsiella pneumoniae,04153260899A,N/A,25730,,,,,,,,,,,,,,,Analysed Genomics,Analysed_data_Genomics_BPA_Sepsis_VLSCI_20170306,24/3/2017,,BPAOPS-96,https://downloads-qcif.bioplatforms.com/bpa/sepsis/genomics/analysed/vlsci/BPAOPS-96/,
VLSCI,23/03/2017,Genome assemblies and annotations,Main dataset,Analysed data,Staphylococcus aureus,BPH2760,N/A,25745,,,,,,,,,,,,,,,Analysed Genomics,Analysed_data_Genomics_BPA_Sepsis_VLSCI_20170306,24/3/2017,,BPAOPS-96,https://downloads-qcif.bioplatforms.com/bpa/sepsis/genomics/analysed/vlsci/BPAOPS-96/,
VLSCI,23/03/2017,Genome assemblies and annotations,Main dataset,Analysed data,Staphylococcus aureus,BPH2819,N/A,25746,,,,,,,,,,,,,,,Analysed Genomics,Analysed_data_Genomics_BPA_Sepsis_VLSCI_20170306,24/3/2017,,BPAOPS-96,https://downloads-qcif.bioplatforms.com/bpa/sepsis/genomics/analysed/vlsci/BPAOPS-96/,
VLSCI,23/03/2017,Genome assemblies and annotations,Main dataset,Analysed data,Staphylococcus aureus,BPH2900,N/A,25747,,,,,,,,,,,,,,,Analysed Genomics,Analysed_data_Genomics_BPA_Sepsis_VLSCI_20170306,24/3/2017,,BPAOPS-96,https://downloads-qcif.bioplatforms.com/bpa/sepsis/genomics/analysed/vlsci/BPAOPS-96/,
VLSCI,23/03/2017,Genome assemblies and annotations,Main dataset,Analysed data,Staphylococcus aureus,BPH2947,N/A,25748,,,,,,,,,,,,,,,Analysed Genomics,Analysed_data_Genomics_BPA_Sepsis_VLSCI_20170306,24/3/2017,,BPAOPS-96,https://downloads-qcif.bioplatforms.com/bpa/sepsis/genomics/analysed/vlsci/BPAOPS-96/,
VLSCI,23/03/2017,Genome assemblies and annotations,Main dataset,Analysed data,Staphylococcus aureus,BPH2986,N/A,25749,,,,,,,,,,,,,,,Analysed Genomics,Analysed_data_Genomics_BPA_Sepsis_VLSCI_20170306,24/3/2017,,BPAOPS-96,https://downloads-qcif.bioplatforms.com/bpa/sepsis/genomics/analysed/vlsci/BPAOPS-96/,
VLSCI,23/03/2017,Genome assemblies and annotations,Main dataset,Analysed data,Escherichia coli,B36,N/A,25765,,,,,,,,,,,,,,,Analysed Genomics,Analysed_data_Genomics_BPA_Sepsis_VLSCI_20170306,24/3/2017,,BPAOPS-96,https://downloads-qcif.bioplatforms.com/bpa/sepsis/genomics/analysed/vlsci/BPAOPS-96/,
VLSCI,23/03/2017,Genome assemblies and annotations,Main dataset,Analysed data,Escherichia coli,MS14384,N/A,25766,,,,,,,,,,,,,,,Analysed Genomics,Analysed_data_Genomics_BPA_Sepsis_VLSCI_20170306,24/3/2017,,BPAOPS-96,https://downloads-qcif.bioplatforms.com/bpa/sepsis/genomics/analysed/vlsci/BPAOPS-96/,
VLSCI,23/03/2017,Genome assemblies and annotations,Main dataset,Analysed data,Escherichia coli,MS14385,N/A,25767,,,,,,,,,,,,,,,Analysed Genomics,Analysed_data_Genomics_BPA_Sepsis_VLSCI_20170306,24/3/2017,,BPAOPS-96,https://downloads-qcif.bioplatforms.com/bpa/sepsis/genomics/analysed/vlsci/BPAOPS-96/,
VLSCI,23/03/2017,Genome assemblies and annotations,Main dataset,Analysed data,Escherichia coli,MS14386,N/A,25768,,,,,,,,,,,,,,,Analysed Genomics,Analysed_data_Genomics_BPA_Sepsis_VLSCI_20170306,24/3/2017,,BPAOPS-96,https://downloads-qcif.bioplatforms.com/bpa/sepsis/genomics/analysed/vlsci/BPAOPS-96/,
VLSCI,23/03/2017,Genome assemblies and annotations,Main dataset,Analysed data,Escherichia coli,MS14387,N/A,25769,,,,,,,,,,,,,,,Analysed Genomics,Analysed_data_Genomics_BPA_Sepsis_VLSCI_20170306,24/3/2017,,BPAOPS-96,https://downloads-qcif.bioplatforms.com/bpa/sepsis/genomics/analysed/vlsci/BPAOPS-96/,
VLSCI,23/03/2017,Genome assemblies and annotations,Main dataset,Analysed data,Streptococcus pneumoniae,4496,N/A,25785,,,,,,,,,,,,,,,Analysed Genomics,Analysed_data_Genomics_BPA_Sepsis_VLSCI_20170306,24/3/2017,,BPAOPS-96,https://downloads-qcif.bioplatforms.com/bpa/sepsis/genomics/analysed/vlsci/BPAOPS-96/,
VLSCI,23/03/2017,Genome assemblies and annotations,Main dataset,Analysed data,Streptococcus pneumoniae,947,N/A,25786,,,,,,,,,,,,,,,Analysed Genomics,Analysed_data_Genomics_BPA_Sepsis_VLSCI_20170306,24/3/2017,,BPAOPS-96,https://downloads-qcif.bioplatforms.com/bpa/sepsis/genomics/analysed/vlsci/BPAOPS-96/,
VLSCI,23/03/2017,Genome assemblies and annotations,Main dataset,Analysed data,Streptococcus pneumoniae,4559,N/A,25787,,,,,,,,,,,,,,,Analysed Genomics,Analysed_data_Genomics_BPA_Sepsis_VLSCI_20170306,24/3/2017,,BPAOPS-96,https://downloads-qcif.bioplatforms.com/bpa/sepsis/genomics/analysed/vlsci/BPAOPS-96/,
VLSCI,23/03/2017,Genome assemblies and annotations,Main dataset,Analysed data,Streptococcus pneumoniae,180/2,N/A,25788,,,,,,,,,,,,,,,Analysed Genomics,Analysed_data_Genomics_BPA_Sepsis_VLSCI_20170306,24/3/2017,,BPAOPS-96,https://downloads-qcif.bioplatforms.com/bpa/sepsis/genomics/analysed/vlsci/BPAOPS-96/,
VLSCI,23/03/2017,Genome assemblies and annotations,Main dataset,Analysed data,Streptococcus pneumoniae,180/15,N/A,25789,,,,,,,,,,,,,,,Analysed Genomics,Analysed_data_Genomics_BPA_Sepsis_VLSCI_20170306,24/3/2017,,BPAOPS-96,https://downloads-qcif.bioplatforms.com/bpa/sepsis/genomics/analysed/vlsci/BPAOPS-96/,
MBPF,27/03/2017,Proteomics Analysed data,Pilot,Analysed data,Staphylococcus aureus,BPH2900,RPMI,25897,25898,25899,25900,25901,25902,,,,,,,,,,"Analysed LC-MS (zip, multiple)",20170322_Analysed data_Proteomics_BPA_Sepsis_MBPF_P16_0062_Exp4_20170322,28/3/2017,,BPAOPS-102,https://downloads-qcif.bioplatforms.com/bpa/sepsis/proteomics/analysed/mbpf/BPAOPS-102/,
MBPF,27/03/2017,Proteomics Analysed data,Pilot,Analysed data,Staphylococcus aureus,BPH2760,RPMI,25903,25904,25905,25906,25907,25908,,,,,,,,,,"Analysed LC-MS (zip, multiple)",20170322_Analysed data_Proteomics_BPA_Sepsis_MBPF_P16_0062_Exp4_20170322,28/3/2017,,BPAOPS-102,https://downloads-qcif.bioplatforms.com/bpa/sepsis/proteomics/analysed/mbpf/BPAOPS-102/,
APAF,5/5/2017,Proteomics Raw data - Pilot (RPMI only),Pilot  ,Raw data,Klebsiella pneumoniae,AJ218,RPMI,25885,25886,25887,25888,25889,25890,,,,,,,,,,Raw,20170504_APAF_BPA_Sepsis_P19689,12/5/2017,,BPAOPS-150,https://downloads-qcif.bioplatforms.com/bpa/sepsis/proteomics/raw/swathms/apaf/BPAOPS-150/,Not a typical upload
APAF,5/5/2017,Proteomics Raw data - Pilot (RPMI only),Pilot,Raw data,Klebsiella pneumoniae,KPC2,RPMI,25891,25892,25893,25894,25895,25896,,,,,,,,,,Raw,20170504_APAF_BPA_Sepsis_P19689,12/5/2017,,BPAOPS-150,https://downloads-qcif.bioplatforms.com/bpa/sepsis/proteomics/raw/swathms/apaf/BPAOPS-150/,Not a typical upload
APAF,5/5/2017,Proteomics Raw data - Pilot (RPMI only),Pilot,Raw data,Staphylococcus aureus,BPH2900,RPMI,25897,25898,25899,25900,25901,25902,,,,,,,,,,Raw,20170504_APAF_BPA_Sepsis_P19689,12/5/2017,,BPAOPS-150,https://downloads-qcif.bioplatforms.com/bpa/sepsis/proteomics/raw/swathms/apaf/BPAOPS-150/,Not a typical upload
APAF,5/5/2017,Proteomics Raw data - Pilot (RPMI only),Pilot,Raw data,Staphylococcus aureus,BPH2760,RPMI,25903,25904,25905,25906,25907,25908,,,,,,,,,,Raw,20170504_APAF_BPA_Sepsis_P19689,12/5/2017,,BPAOPS-150,https://downloads-qcif.bioplatforms.com/bpa/sepsis/proteomics/raw/swathms/apaf/BPAOPS-150/,Not a typical upload
APAF,5/5/2017,Proteomics Raw data - Pilot (pooled sera and RPMI),Pilot,Raw data,Klebsiella pneumoniae,KPC2,RPMI,25957,25958,25959,25960,25961,25962,,,,,,,,,,Raw,20170504_APAF_BPA_Sepsis_P20176,12/5/2017,,BPAOPS-151,https://downloads-qcif.bioplatforms.com/bpa/sepsis/proteomics/raw/swathms-combined-sample/apaf/BPAOPS-151/,3 samples combined into a single tube for 1 SWATH analysis (raw data)
APAF,5/5/2017,Proteomics Raw data - Pilot (pooled sera and RPMI),Pilot,Raw data,Klebsiella pneumoniae,KPC2,Pooled sera,25963,25964,25965,25966,25967,25968,,,,,,,,,,Raw,20170504_APAF_BPA_Sepsis_P20176,12/5/2017,,BPAOPS-151,https://downloads-qcif.bioplatforms.com/bpa/sepsis/proteomics/raw/swathms-combined-sample/apaf/BPAOPS-151/,3 samples combined into a single tube for 1 SWATH analysis (raw data)
APAF,5/5/2017,Proteomics Raw data - Pilot (pooled sera and RPMI),Pilot,Raw data,Klebsiella pneumoniae,AJ218,RPMI,25969,25970,25971,25972,25973,25974,,,,,,,,,,Raw,20170504_APAF_BPA_Sepsis_P20176,12/5/2017,,BPAOPS-151,https://downloads-qcif.bioplatforms.com/bpa/sepsis/proteomics/raw/swathms-combined-sample/apaf/BPAOPS-151/,3 samples combined into a single tube for 1 SWATH analysis (raw data)
APAF,5/5/2017,Proteomics Raw data - Pilot (pooled sera and RPMI),Pilot,Raw data,Klebsiella pneumoniae,AJ218,Pooled sera,25975,25976,25977,25978,25979,25980,,,,,,,,,,Raw,20170504_APAF_BPA_Sepsis_P20176,12/5/2017,,BPAOPS-151,https://downloads-qcif.bioplatforms.com/bpa/sepsis/proteomics/raw/swathms-combined-sample/apaf/BPAOPS-151/,3 samples combined into a single tube for 1 SWATH analysis (raw data)
MBPF,9/5/2017,Proteomics Raw data - Pilot (pooled sera and RPMI),Pilot,Raw data,Klebsiella pneumoniae,KPC2,RPMI,25960,25961,25962,,,,,,,,,,,,,Raw,20170509_MBPF_BPA_Sepsis_P16_0062_Exp9_Exp10,12/5/2017,,BPAOPS-158,https://downloads-qcif.bioplatforms.com/bpa/sepsis/proteomics/raw/ms1quantification/mbpf/BPAOPS-158/,
MBPF,9/5/2017,Proteomics Raw data - Pilot (pooled sera and RPMI),Pilot,Raw data,Klebsiella pneumoniae,KPC2,Pooled sera,25963,25965,25967,,,,,,,,,,,,,Raw,20170509_MBPF_BPA_Sepsis_P16_0062_Exp9_Exp10,12/5/2017,,BPAOPS-158,https://downloads-qcif.bioplatforms.com/bpa/sepsis/proteomics/raw/ms1quantification/mbpf/BPAOPS-158/,
MBPF,9/5/2017,Proteomics Raw data - Pilot (pooled sera and RPMI),Pilot,Raw data,Klebsiella pneumoniae,AJ218,RPMI,25970,25972,25973,,,,,,,,,,,,,Raw,20170509_MBPF_BPA_Sepsis_P16_0062_Exp9_Exp10,12/5/2017,,BPAOPS-158,https://downloads-qcif.bioplatforms.com/bpa/sepsis/proteomics/raw/ms1quantification/mbpf/BPAOPS-158/,
MBPF,9/5/2017,Proteomics Raw data - Pilot (pooled sera and RPMI),Pilot,Raw data,Klebsiella pneumoniae,AJ218,Pooled sera,25975,25978,25979,,,,,,,,,,,,,Raw,20170509_MBPF_BPA_Sepsis_P16_0062_Exp9_Exp10,12/5/2017,,BPAOPS-158,https://downloads-qcif.bioplatforms.com/bpa/sepsis/proteomics/raw/ms1quantification/mbpf/BPAOPS-158/,
MBPF,9/5/2017,Proteomics Raw data - Pilot (pooled sera and RPMI),Pilot,Raw data,Staphylococcus aureus,BPH2900,RPMI,25933,25936,,,,,,,,,,,,,,Raw,20170509_MBPF_BPA_Sepsis_P16_0062_Exp9_Exp10,12/5/2017,,BPAOPS-158,https://downloads-qcif.bioplatforms.com/bpa/sepsis/proteomics/raw/ms1quantification/mbpf/BPAOPS-158/,
MBPF,9/5/2017,Proteomics Raw data - Pilot (pooled sera and RPMI),Pilot,Raw data,Staphylococcus aureus,BPH2900,Pooled sera,25939,25942,,,,,,,,,,,,,,Raw,20170509_MBPF_BPA_Sepsis_P16_0062_Exp9_Exp10,12/5/2017,,BPAOPS-158,https://downloads-qcif.bioplatforms.com/bpa/sepsis/proteomics/raw/ms1quantification/mbpf/BPAOPS-158/,
MBPF,9/5/2017,Proteomics Raw data - Pilot (pooled sera and RPMI),Pilot,Raw data,Staphylococcus aureus,BPH2760,RPMI,25945,25948,,,,,,,,,,,,,,Raw,20170509_MBPF_BPA_Sepsis_P16_0062_Exp9_Exp10,12/5/2017,,BPAOPS-158,https://downloads-qcif.bioplatforms.com/bpa/sepsis/proteomics/raw/ms1quantification/mbpf/BPAOPS-158/,
MBPF,9/5/2017,Proteomics Raw data - Pilot (pooled sera and RPMI),Pilot,Raw data,Staphylococcus aureus,BPH2760,Pooled sera,25951,25954,,,,,,,,,,,,,,Raw,20170509_MBPF_BPA_Sepsis_P16_0062_Exp9_Exp10,12/5/2017,,BPAOPS-158,https://downloads-qcif.bioplatforms.com/bpa/sepsis/proteomics/raw/ms1quantification/mbpf/BPAOPS-158/,
APAF,29/5/2017,Proteomics Analysed data RPMI,Pilot,Analysed data,Klebsiella pneumoniae,AJ218,RPMI,25885,25886,25887,25888,25889,25890,,,,,,,,,,"Analysed LC-MS (zip, multiple)",20170529_Analysed data_Proteomics_BPA_Sepsis_APAF_P19689_20170525,29/5/2017,,BPAOPS-179,https://downloads-qcif.bioplatforms.com/bpa/sepsis/proteomics/analysed/apaf/BPAOPS-179/,
APAF,29/5/2017,Proteomics Analysed data RPMI,Pilot,Analysed data,Klebsiella pneumoniae,KPC2,RPMI,25897,25898,25899,25900,25901,25902,,,,,,,,,,"Analysed LC-MS (zip, multiple)",20170529_Analysed data_Proteomics_BPA_Sepsis_APAF_P19689_20170525,29/5/2017,,BPAOPS-179,https://downloads-qcif.bioplatforms.com/bpa/sepsis/proteomics/analysed/apaf/BPAOPS-179/,
APAF,29/5/2017,Proteomics Analysed data RPMI,Pilot,Analysed data,Staphylococcus aureus,BPH2900,RPMI,25897,25898,25899,25900,25901,25902,,,,,,,,,,"Analysed LC-MS (zip, multiple)",20170529_Analysed data_Proteomics_BPA_Sepsis_APAF_P19689_20170525,29/5/2017,,BPAOPS-179,https://downloads-qcif.bioplatforms.com/bpa/sepsis/proteomics/analysed/apaf/BPAOPS-179/,
APAF,29/5/2017,Proteomics Analysed data RPMI,Pilot,Analysed data,Staphylococcus aureus,BPH2760,RPMI,25903,25904,25905,25906,25907,25908,,,,,,,,,,"Analysed LC-MS (zip, multiple)",20170529_Analysed data_Proteomics_BPA_Sepsis_APAF_P19689_20170525,29/5/2017,,BPAOPS-179,https://downloads-qcif.bioplatforms.com/bpa/sepsis/proteomics/analysed/apaf/BPAOPS-179/,
APAF,29/5/2017,Proteomics Analysed data (pooled sera and RPMI),Pilot,Analysed data,Klebsiella pneumoniae,KPC2,RPMI,25957,25958,25959,25960,25961,25962,,,,,,,,,,"Analysed LC-MS (zip, multiple)",20170529_Analysed data_Proteomics_BPA_Sepsis_APAF_P20176_20170526,29/5/2017,,BPAOPS-180,https://downloads-qcif.bioplatforms.com/bpa/sepsis/proteomics/analysed/apaf/BPAOPS-180/,
APAF,29/5/2017,Proteomics Analysed data (pooled sera and RPMI),Pilot,Analysed data,Klebsiella pneumoniae,KPC2,Pooled sera,25963,25964,25965,25966,25967,25968,,,,,,,,,,"Analysed LC-MS (zip, multiple)",20170529_Analysed data_Proteomics_BPA_Sepsis_APAF_P20176_20170526,29/5/2017,,BPAOPS-180,https://downloads-qcif.bioplatforms.com/bpa/sepsis/proteomics/analysed/apaf/BPAOPS-180/,
APAF,29/5/2017,Proteomics Analysed data (pooled sera and RPMI),Pilot,Analysed data,Klebsiella pneumoniae,AJ218,RPMI,25969,25970,25971,25972,25973,25974,,,,,,,,,,"Analysed LC-MS (zip, multiple)",20170529_Analysed data_Proteomics_BPA_Sepsis_APAF_P20176_20170526,29/5/2017,,BPAOPS-180,https://downloads-qcif.bioplatforms.com/bpa/sepsis/proteomics/analysed/apaf/BPAOPS-180/,
APAF,29/5/2017,Proteomics Analysed data (pooled sera and RPMI),Pilot,Analysed data,Klebsiella pneumoniae,AJ218,Pooled sera,25975,25976,25977,25978,25979,25980,,,,,,,,,,"Analysed LC-MS (zip, multiple)",20170529_Analysed data_Proteomics_BPA_Sepsis_APAF_P20176_20170526,29/5/2017,,BPAOPS-180,https://downloads-qcif.bioplatforms.com/bpa/sepsis/proteomics/analysed/apaf/BPAOPS-180/,
MBPF,2/6/2017,Proteomics Analysed data (pooled sera and RPMI),Pilot,Analysed data,Klebsiella pneumoniae,KPC2,RPMI,25960,25961,25962,,,,,,,,,,,,,"Analysed LC-MS (zip, multiple)",20170518_Analysed data_Proteomics_BPA_Sepsis_MBPF_P16_0062_Exp9_20170518,2/6/2017,,BPAOPS-194,https://downloads-qcif.bioplatforms.com/bpa/sepsis/proteomics/analysed/mbpf/BPAOPS-194/,
MBPF,2/6/2017,Proteomics Analysed data (pooled sera and RPMI),Pilot,Analysed data,Klebsiella pneumoniae,KPC2,Pooled sera,25963,25965,25967,,,,,,,,,,,,,"Analysed LC-MS (zip, multiple)",20170518_Analysed data_Proteomics_BPA_Sepsis_MBPF_P16_0062_Exp9_20170518,2/6/2017,,BPAOPS-194,https://downloads-qcif.bioplatforms.com/bpa/sepsis/proteomics/analysed/mbpf/BPAOPS-194/,
MBPF,2/6/2017,Proteomics Analysed data (pooled sera and RPMI),Pilot,Analysed data,Klebsiella pneumoniae,AJ218,RPMI,25970,25972,25973,,,,,,,,,,,,,"Analysed LC-MS (zip, multiple)",20170518_Analysed data_Proteomics_BPA_Sepsis_MBPF_P16_0062_Exp9_20170518,2/6/2017,,BPAOPS-194,https://downloads-qcif.bioplatforms.com/bpa/sepsis/proteomics/analysed/mbpf/BPAOPS-194/,
MBPF,2/6/2017,Proteomics Analysed data (pooled sera and RPMI),Pilot,Analysed data,Klebsiella pneumoniae,AJ218,Pooled sera,25975,25978,25979,,,,,,,,,,,,,"Analysed LC-MS (zip, multiple)",20170518_Analysed data_Proteomics_BPA_Sepsis_MBPF_P16_0062_Exp9_20170518,2/6/2017,,BPAOPS-194,https://downloads-qcif.bioplatforms.com/bpa/sepsis/proteomics/analysed/mbpf/BPAOPS-194/,
MBPF,7/6/2017,Proteomics Analysed data (pooled sera and RPMI),Pilot,Analysed data,Staphylococcus aureus,BPH2900,RPMI,25933,25936,,,,,,,,,,,,,,"Analysed LC-MS (zip, multiple)",20170521_Analysed data_Proteomics_BPA_Sepsis_MBPF_P16_0062_Exp10_20170521,7/6/2017,,BPAOPS-198,https://downloads-qcif.bioplatforms.com/bpa/sepsis/proteomics/analysed/mbpf/BPAOPS-198/,
MBPF,7/6/2017,Proteomics Analysed data (pooled sera and RPMI),Pilot,Analysed data,Staphylococcus aureus,BPH2900,Pooled sera,25939,25942,,,,,,,,,,,,,,"Analysed LC-MS (zip, multiple)",20170521_Analysed data_Proteomics_BPA_Sepsis_MBPF_P16_0062_Exp10_20170521,7/6/2017,,BPAOPS-198,https://downloads-qcif.bioplatforms.com/bpa/sepsis/proteomics/analysed/mbpf/BPAOPS-198/,
MBPF,7/6/2017,Proteomics Analysed data (pooled sera and RPMI),Pilot,Analysed data,Staphylococcus aureus,BPH2760,RPMI,25945,25948,,,,,,,,,,,,,,"Analysed LC-MS (zip, multiple)",20170521_Analysed data_Proteomics_BPA_Sepsis_MBPF_P16_0062_Exp10_20170521,7/6/2017,,BPAOPS-198,https://downloads-qcif.bioplatforms.com/bpa/sepsis/proteomics/analysed/mbpf/BPAOPS-198/,
MBPF,7/6/2017,Proteomics Analysed data (pooled sera and RPMI),Pilot,Analysed data,Staphylococcus aureus,BPH2760,Pooled sera,25951,25954,,,,,,,,,,,,,,"Analysed LC-MS (zip, multiple)",20170521_Analysed data_Proteomics_BPA_Sepsis_MBPF_P16_0062_Exp10_20170521,7/6/2017,,BPAOPS-198,https://downloads-qcif.bioplatforms.com/bpa/sepsis/proteomics/analysed/mbpf/BPAOPS-198/,
MBPF,15/6/17,Proteomics Raw data Salt Wash (Notes: Pooled sera_current protocol),Pilot,Raw data,Staphylococcus aureus,BPH2986,Pooled sera,25990,,,,,,,,,,,,,,,Raw,20170612_MBPF_BPA_Sepsis_P16_0062_Exp11,16/06/2017,,BPAOPS-204,https://downloads-qcif.bioplatforms.com/bpa/sepsis/proteomics/raw/ms1quantification/mbpf/BPAOPS-204,
MBPF,15/6/17,Proteomics Raw data Salt Wash (Notes: Pooled sera_current protocol),Pilot,Raw data,Staphylococcus aureus,BPH2947,Pooled sera,25991,,,,,,,,,,,,,,,Raw,20170612_MBPF_BPA_Sepsis_P16_0062_Exp11,16/06/2017,,BPAOPS-204,https://downloads-qcif.bioplatforms.com/bpa/sepsis/proteomics/raw/ms1quantification/mbpf/BPAOPS-204,
MBPF,15/6/17,Proteomics Raw data Salt Wash (Notes: Pooled sera_current protocol),Pilot,Raw data,Staphylococcus aureus,BPH2819,Pooled sera,25992,,,,,,,,,,,,,,,Raw,20170612_MBPF_BPA_Sepsis_P16_0062_Exp11,16/06/2017,,BPAOPS-204,https://downloads-qcif.bioplatforms.com/bpa/sepsis/proteomics/raw/ms1quantification/mbpf/BPAOPS-204,
MBPF,15/6/17,Proteomics Raw data Salt Wash (Notes: Pooled sera_salt wash),Pilot,Raw data,Staphylococcus aureus,BPH2986,Pooled sera,25993,,,,,,,,,,,,,,,Raw,20170612_MBPF_BPA_Sepsis_P16_0062_Exp11,16/06/2017,,BPAOPS-204,https://downloads-qcif.bioplatforms.com/bpa/sepsis/proteomics/raw/ms1quantification/mbpf/BPAOPS-204,
MBPF,15/6/17,Proteomics Raw data Salt Wash (Notes: Pooled sera_salt wash),Pilot,Raw data,Staphylococcus aureus,BPH2947,Pooled sera,25994,,,,,,,,,,,,,,,Raw,20170612_MBPF_BPA_Sepsis_P16_0062_Exp11,16/06/2017,,BPAOPS-204,https://downloads-qcif.bioplatforms.com/bpa/sepsis/proteomics/raw/ms1quantification/mbpf/BPAOPS-204,
MBPF,15/6/17,Proteomics Raw data Salt Wash (Notes: Pooled sera_salt wash),Pilot,Raw data,Staphylococcus aureus,BPH2819,Pooled sera,25995,,,,,,,,,,,,,,,Raw,20170612_MBPF_BPA_Sepsis_P16_0062_Exp11,16/06/2017,,BPAOPS-204,https://downloads-qcif.bioplatforms.com/bpa/sepsis/proteomics/raw/ms1quantification/mbpf/BPAOPS-204,
MBPF,15/6/17,Proteomics Raw data Salt Wash (Notes: RPMI_current protocol),Pilot,Raw data,Staphylococcus aureus,BPH2986,RPMI,25996,,,,,,,,,,,,,,,Raw,20170612_MBPF_BPA_Sepsis_P16_0062_Exp11,16/06/2017,,BPAOPS-204,https://downloads-qcif.bioplatforms.com/bpa/sepsis/proteomics/raw/ms1quantification/mbpf/BPAOPS-204,
MBPF,15/6/17,Proteomics Raw data Salt Wash (Notes: RPMI_current protocol),Pilot,Raw data,Staphylococcus aureus,BPH2947,RPMI,25997,,,,,,,,,,,,,,,Raw,20170612_MBPF_BPA_Sepsis_P16_0062_Exp11,16/06/2017,,BPAOPS-204,https://downloads-qcif.bioplatforms.com/bpa/sepsis/proteomics/raw/ms1quantification/mbpf/BPAOPS-204,
MBPF,15/6/17,Proteomics Raw data Salt Wash (Notes: RPMI_current protocol),Pilot,Raw data,Staphylococcus aureus,BPH2819,RPMI,25998,,,,,,,,,,,,,,,Raw,20170612_MBPF_BPA_Sepsis_P16_0062_Exp11,16/06/2017,,BPAOPS-204,https://downloads-qcif.bioplatforms.com/bpa/sepsis/proteomics/raw/ms1quantification/mbpf/BPAOPS-204,
MBPF,15/6/17,Proteomics Raw data Salt Wash (Notes: RPMI_salt wash),Pilot,Raw data,Staphylococcus aureus,BPH2986,RPMI,25999,,,,,,,,,,,,,,,Raw,20170612_MBPF_BPA_Sepsis_P16_0062_Exp11,16/06/2017,,BPAOPS-204,https://downloads-qcif.bioplatforms.com/bpa/sepsis/proteomics/raw/ms1quantification/mbpf/BPAOPS-204,
MBPF,15/6/17,Proteomics Raw data Salt Wash (Notes: RPMI_salt wash),Pilot,Raw data,Staphylococcus aureus,BPH2947,RPMI,26000,,,,,,,,,,,,,,,Raw,20170612_MBPF_BPA_Sepsis_P16_0062_Exp11,16/06/2017,,BPAOPS-204,https://downloads-qcif.bioplatforms.com/bpa/sepsis/proteomics/raw/ms1quantification/mbpf/BPAOPS-204,
MBPF,15/6/17,Proteomics Raw data Salt Wash (Notes: RPMI_salt wash),Pilot,Raw data,Staphylococcus aureus,BPH2819,RPMI,26001,,,,,,,,,,,,,,,Raw,20170612_MBPF_BPA_Sepsis_P16_0062_Exp11,16/06/2017,,BPAOPS-204,https://downloads-qcif.bioplatforms.com/bpa/sepsis/proteomics/raw/ms1quantification/mbpf/BPAOPS-204,
MBPF,16/6/17,Proteomics Raw data Salt Wash (Notes: Pooled sera_current protocol),Pilot,Analysed data,Staphylococcus aureus,BPH2986,Pooled sera,25990,,,,,,,,,,,,,,,"Analysed LC-MS (zip, multiple)",20170613_Analysed data_Proteomics_BPA_Sepsis_MBPF_P16_0062_Exp11_20170612,16/06/2017,,BPAOPS-206,https://downloads-qcif.bioplatforms.com/bpa/sepsis/proteomics/analysed/mbpf/BPAOPS-206,
MBPF,16/6/17,Proteomics Raw data Salt Wash (Notes: Pooled sera_current protocol),Pilot,Analysed data,Staphylococcus aureus,BPH2947,Pooled sera,25991,,,,,,,,,,,,,,,"Analysed LC-MS (zip, multiple)",20170613_Analysed data_Proteomics_BPA_Sepsis_MBPF_P16_0062_Exp11_20170612,16/06/2017,,BPAOPS-206,https://downloads-qcif.bioplatforms.com/bpa/sepsis/proteomics/analysed/mbpf/BPAOPS-206,
MBPF,16/6/17,Proteomics Raw data Salt Wash (Notes: Pooled sera_current protocol),Pilot,Analysed data,Staphylococcus aureus,BPH2819,Pooled sera,25992,,,,,,,,,,,,,,,"Analysed LC-MS (zip, multiple)",20170613_Analysed data_Proteomics_BPA_Sepsis_MBPF_P16_0062_Exp11_20170612,16/06/2017,,BPAOPS-206,https://downloads-qcif.bioplatforms.com/bpa/sepsis/proteomics/analysed/mbpf/BPAOPS-206,
MBPF,16/6/17,Proteomics Raw data Salt Wash (Notes: Pooled sera_salt wash),Pilot,Analysed data,Staphylococcus aureus,BPH2986,Pooled sera,25993,,,,,,,,,,,,,,,"Analysed LC-MS (zip, multiple)",20170613_Analysed data_Proteomics_BPA_Sepsis_MBPF_P16_0062_Exp11_20170612,16/06/2017,,BPAOPS-206,https://downloads-qcif.bioplatforms.com/bpa/sepsis/proteomics/analysed/mbpf/BPAOPS-206,
MBPF,16/6/17,Proteomics Raw data Salt Wash (Notes: Pooled sera_salt wash),Pilot,Analysed data,Staphylococcus aureus,BPH2947,Pooled sera,25994,,,,,,,,,,,,,,,"Analysed LC-MS (zip, multiple)",20170613_Analysed data_Proteomics_BPA_Sepsis_MBPF_P16_0062_Exp11_20170612,16/06/2017,,BPAOPS-206,https://downloads-qcif.bioplatforms.com/bpa/sepsis/proteomics/analysed/mbpf/BPAOPS-206,
MBPF,16/6/17,Proteomics Raw data Salt Wash (Notes: Pooled sera_salt wash),Pilot,Analysed data,Staphylococcus aureus,BPH2819,Pooled sera,25995,,,,,,,,,,,,,,,"Analysed LC-MS (zip, multiple)",20170613_Analysed data_Proteomics_BPA_Sepsis_MBPF_P16_0062_Exp11_20170612,16/06/2017,,BPAOPS-206,https://downloads-qcif.bioplatforms.com/bpa/sepsis/proteomics/analysed/mbpf/BPAOPS-206,
MBPF,16/6/17,Proteomics Raw data Salt Wash (Notes: RPMI_current protocol),Pilot,Analysed data,Staphylococcus aureus,BPH2986,RPMI,25996,,,,,,,,,,,,,,,"Analysed LC-MS (zip, multiple)",20170613_Analysed data_Proteomics_BPA_Sepsis_MBPF_P16_0062_Exp11_20170612,16/06/2017,,BPAOPS-206,https://downloads-qcif.bioplatforms.com/bpa/sepsis/proteomics/analysed/mbpf/BPAOPS-206,
MBPF,16/6/17,Proteomics Raw data Salt Wash (Notes: RPMI_current protocol),Pilot,Analysed data,Staphylococcus aureus,BPH2947,RPMI,25997,,,,,,,,,,,,,,,"Analysed LC-MS (zip, multiple)",20170613_Analysed data_Proteomics_BPA_Sepsis_MBPF_P16_0062_Exp11_20170612,16/06/2017,,BPAOPS-206,https://downloads-qcif.bioplatforms.com/bpa/sepsis/proteomics/analysed/mbpf/BPAOPS-206,
MBPF,16/6/17,Proteomics Raw data Salt Wash (Notes: RPMI_current protocol),Pilot,Analysed data,Staphylococcus aureus,BPH2819,RPMI,25998,,,,,,,,,,,,,,,"Analysed LC-MS (zip, multiple)",20170613_Analysed data_Proteomics_BPA_Sepsis_MBPF_P16_0062_Exp11_20170612,16/06/2017,,BPAOPS-206,https://downloads-qcif.bioplatforms.com/bpa/sepsis/proteomics/analysed/mbpf/BPAOPS-206,
MBPF,16/6/17,Proteomics Raw data Salt Wash (Notes: RPMI_salt wash),Pilot,Analysed data,Staphylococcus aureus,BPH2986,RPMI,25999,,,,,,,,,,,,,,,"Analysed LC-MS (zip, multiple)",20170613_Analysed data_Proteomics_BPA_Sepsis_MBPF_P16_0062_Exp11_20170612,16/06/2017,,BPAOPS-206,https://downloads-qcif.bioplatforms.com/bpa/sepsis/proteomics/analysed/mbpf/BPAOPS-206,
MBPF,16/6/17,Proteomics Raw data Salt Wash (Notes: RPMI_salt wash),Pilot,Analysed data,Staphylococcus aureus,BPH2947,RPMI,26000,,,,,,,,,,,,,,,"Analysed LC-MS (zip, multiple)",20170613_Analysed data_Proteomics_BPA_Sepsis_MBPF_P16_0062_Exp11_20170612,16/06/2017,,BPAOPS-206,https://downloads-qcif.bioplatforms.com/bpa/sepsis/proteomics/analysed/mbpf/BPAOPS-206,
MBPF,16/6/17,Proteomics Raw data Salt Wash (Notes: RPMI_salt wash),Pilot,Analysed data,Staphylococcus aureus,BPH2819,RPMI,26001,,,,,,,,,,,,,,,"Analysed LC-MS (zip, multiple)",20170613_Analysed data_Proteomics_BPA_Sepsis_MBPF_P16_0062_Exp11_20170612,16/06/2017,,BPAOPS-206,https://downloads-qcif.bioplatforms.com/bpa/sepsis/proteomics/analysed/mbpf/BPAOPS-206,
APAF,23/6/2017,Proteomics Analysed data (pooled sera and RPMI),Pilot,Analysed data,Staphylococcus aureus,BPH2900,RPMI,25933,25936,,,,,,,,,,,,,,"Analysed LC-MS (zip, multiple)",20170622_Analysed data_Proteomics_BPA_Sepsis_APAF_P20249_20170620,23/06/2017,,BPAOPS-211,https://downloads-qcif.bioplatforms.com/bpa/sepsis/proteomics/analysed/apaf/BPAOPS-211,
APAF,23/6/2017,Proteomics Analysed data (pooled sera and RPMI),Pilot,Analysed data,Staphylococcus aureus,BPH2900,Pooled sera,25939,25942,,,,,,,,,,,,,,"Analysed LC-MS (zip, multiple)",20170622_Analysed data_Proteomics_BPA_Sepsis_APAF_P20249_20170620,23/06/2017,,BPAOPS-211,https://downloads-qcif.bioplatforms.com/bpa/sepsis/proteomics/analysed/apaf/BPAOPS-211,
APAF,23/6/2017,Proteomics Analysed data (pooled sera and RPMI),Pilot,Analysed data,Staphylococcus aureus,BPH2760,RPMI,25945,25948,,,,,,,,,,,,,,"Analysed LC-MS (zip, multiple)",20170622_Analysed data_Proteomics_BPA_Sepsis_APAF_P20249_20170620,23/06/2017,,BPAOPS-211,https://downloads-qcif.bioplatforms.com/bpa/sepsis/proteomics/analysed/apaf/BPAOPS-211,
APAF,23/6/2017,Proteomics Analysed data (pooled sera and RPMI),Pilot,Analysed data,Staphylococcus aureus,BPH2760,Pooled sera,25951,25954,,,,,,,,,,,,,,"Analysed LC-MS (zip, multiple)",20170622_Analysed data_Proteomics_BPA_Sepsis_APAF_P20249_20170620,23/06/2017,,BPAOPS-211,https://downloads-qcif.bioplatforms.com/bpa/sepsis/proteomics/analysed/apaf/BPAOPS-211,
APAF,23/6/2017,Proteomics Raw data - Pilot (pooled sera and RPMI),Pilot,Raw data,Staphylococcus aureus,BPH2900,RPMI,25933,25936,,,,,,,,,,,,,,Raw,20170621_APAF_BPA_Sepsis_P20249,23/06/2017,,BPAOPS-210,https://downloads-qcif.bioplatforms.com/bpa/sepsis/proteomics/raw/swathms/apaf/BPAOPS-210,
APAF,23/6/2017,Proteomics Raw data - Pilot (pooled sera and RPMI),Pilot,Raw data,Staphylococcus aureus,BPH2900,Pooled sera,25939,25942,,,,,,,,,,,,,,Raw,20170621_APAF_BPA_Sepsis_P20249,23/06/2017,,BPAOPS-210,https://downloads-qcif.bioplatforms.com/bpa/sepsis/proteomics/raw/swathms/apaf/BPAOPS-210,
APAF,23/6/2017,Proteomics Raw data - Pilot (pooled sera and RPMI),Pilot,Raw data,Staphylococcus aureus,BPH2760,RPMI,25945,25948,,,,,,,,,,,,,,Raw,20170621_APAF_BPA_Sepsis_P20249,23/06/2017,,BPAOPS-210,https://downloads-qcif.bioplatforms.com/bpa/sepsis/proteomics/raw/swathms/apaf/BPAOPS-210,
APAF,23/6/2017,Proteomics Raw data - Pilot (pooled sera and RPMI),Pilot,Raw data,Staphylococcus aureus,BPH2760,Pooled sera,25951,25954,,,,,,,,,,,,,,Raw,20170621_APAF_BPA_Sepsis_P20249,23/06/2017,,BPAOPS-210,https://downloads-qcif.bioplatforms.com/bpa/sepsis/proteomics/raw/swathms/apaf/BPAOPS-210,
MBPF,1/9/17,Proteomics Raw data - Pilot (pooled sera and RPMI),Pilot,Raw data,Escherichia coli,B36,Pooled sera,26025,,,,,,,,,,,,,,,Raw,20170731_MBPF_BPA_Sepsis_P16_0062_Exp12_Exp13,08/09/2017,,BPAOPS-303,https://downloads-qcif.bioplatforms.com/bpa/sepsis/proteomics/raw/ms1quantification/mbpf/BPAOPS-303/,
MBPF,1/9/17,Proteomics Raw data - Pilot (pooled sera and RPMI),Pilot,Raw data,Escherichia coli,MS14384,Pooled sera,26026,,,,,,,,,,,,,,,Raw,20170731_MBPF_BPA_Sepsis_P16_0062_Exp12_Exp13,08/09/2017,,BPAOPS-303,https://downloads-qcif.bioplatforms.com/bpa/sepsis/proteomics/raw/ms1quantification/mbpf/BPAOPS-303/,
MBPF,1/9/17,Proteomics Raw data - Pilot (pooled sera and RPMI),Pilot,Raw data,Escherichia coli,MS14385,Pooled sera,26027,,,,,,,,,,,,,,,Raw,20170731_MBPF_BPA_Sepsis_P16_0062_Exp12_Exp13,08/09/2017,,BPAOPS-303,https://downloads-qcif.bioplatforms.com/bpa/sepsis/proteomics/raw/ms1quantification/mbpf/BPAOPS-303/,
MBPF,1/9/17,Proteomics Raw data - Pilot (pooled sera and RPMI),Pilot,Raw data,Escherichia coli,MS14386,Pooled sera,26028,,,,,,,,,,,,,,,Raw,20170731_MBPF_BPA_Sepsis_P16_0062_Exp12_Exp13,08/09/2017,,BPAOPS-303,https://downloads-qcif.bioplatforms.com/bpa/sepsis/proteomics/raw/ms1quantification/mbpf/BPAOPS-303/,
MBPF,1/9/17,Proteomics Raw data - Pilot (pooled sera and RPMI),Pilot,Raw data,Escherichia coli,MS14387,Pooled sera,26029,,,,,,,,,,,,,,,Raw,20170731_MBPF_BPA_Sepsis_P16_0062_Exp12_Exp13,08/09/2017,,BPAOPS-303,https://downloads-qcif.bioplatforms.com/bpa/sepsis/proteomics/raw/ms1quantification/mbpf/BPAOPS-303/,
MBPF,1/9/17,Proteomics Raw data - Pilot (pooled sera and RPMI),Pilot,Raw data,Escherichia coli,B36,RPMI,26030,,,,,,,,,,,,,,,Raw,20170731_MBPF_BPA_Sepsis_P16_0062_Exp12_Exp13,08/09/2017,,BPAOPS-303,https://downloads-qcif.bioplatforms.com/bpa/sepsis/proteomics/raw/ms1quantification/mbpf/BPAOPS-303/,
MBPF,1/9/17,Proteomics Raw data - Pilot (pooled sera and RPMI),Pilot,Raw data,Escherichia coli,MS14384,RPMI,26031,,,,,,,,,,,,,,,Raw,20170731_MBPF_BPA_Sepsis_P16_0062_Exp12_Exp13,08/09/2017,,BPAOPS-303,https://downloads-qcif.bioplatforms.com/bpa/sepsis/proteomics/raw/ms1quantification/mbpf/BPAOPS-303/,
MBPF,1/9/17,Proteomics Raw data - Pilot (pooled sera and RPMI),Pilot,Raw data,Escherichia coli,MS14385,RPMI,26032,,,,,,,,,,,,,,,Raw,20170731_MBPF_BPA_Sepsis_P16_0062_Exp12_Exp13,08/09/2017,,BPAOPS-303,https://downloads-qcif.bioplatforms.com/bpa/sepsis/proteomics/raw/ms1quantification/mbpf/BPAOPS-303/,
MBPF,1/9/17,Proteomics Raw data - Pilot (pooled sera and RPMI),Pilot,Raw data,Escherichia coli,MS14386,RPMI,26033,,,,,,,,,,,,,,,Raw,20170731_MBPF_BPA_Sepsis_P16_0062_Exp12_Exp13,08/09/2017,,BPAOPS-303,https://downloads-qcif.bioplatforms.com/bpa/sepsis/proteomics/raw/ms1quantification/mbpf/BPAOPS-303/,
MBPF,1/9/17,Proteomics Raw data - Pilot (pooled sera and RPMI),Pilot,Raw data,Escherichia coli,MS14387,RPMI,26034,,,,,,,,,,,,,,,Raw,20170731_MBPF_BPA_Sepsis_P16_0062_Exp12_Exp13,08/09/2017,,BPAOPS-303,https://downloads-qcif.bioplatforms.com/bpa/sepsis/proteomics/raw/ms1quantification/mbpf/BPAOPS-303/,
MBPF,1/9/17,Proteomics Raw data - Pilot (pooled sera and RPMI),Pilot,Raw data,Klebsiella pneumoniae,04153260899A,Pooled sera,26035,,,,,,,,,,,,,,,Raw,20170731_MBPF_BPA_Sepsis_P16_0062_Exp12_Exp13,08/09/2017,,BPAOPS-303,https://downloads-qcif.bioplatforms.com/bpa/sepsis/proteomics/raw/ms1quantification/mbpf/BPAOPS-303/,
MBPF,1/9/17,Proteomics Raw data - Pilot (pooled sera and RPMI),Pilot,Raw data,Klebsiella pneumoniae,AJ292,Pooled sera,26036,,,,,,,,,,,,,,,Raw,20170731_MBPF_BPA_Sepsis_P16_0062_Exp12_Exp13,08/09/2017,,BPAOPS-303,https://downloads-qcif.bioplatforms.com/bpa/sepsis/proteomics/raw/ms1quantification/mbpf/BPAOPS-303/,
MBPF,1/9/17,Proteomics Raw data - Pilot (pooled sera and RPMI),Pilot,Raw data,Klebsiella pneumoniae,AJ055,Pooled sera,26037,,,,,,,,,,,,,,,Raw,20170731_MBPF_BPA_Sepsis_P16_0062_Exp12_Exp13,08/09/2017,,BPAOPS-303,https://downloads-qcif.bioplatforms.com/bpa/sepsis/proteomics/raw/ms1quantification/mbpf/BPAOPS-303/,
MBPF,1/9/17,Proteomics Raw data - Pilot (pooled sera and RPMI),Pilot,Raw data,Klebsiella pneumoniae,03-311-0071,Pooled sera,26038,,,,,,,,,,,,,,,Raw,20170731_MBPF_BPA_Sepsis_P16_0062_Exp12_Exp13,08/09/2017,,BPAOPS-303,https://downloads-qcif.bioplatforms.com/bpa/sepsis/proteomics/raw/ms1quantification/mbpf/BPAOPS-303/,
MBPF,1/9/17,Proteomics Raw data - Pilot (pooled sera and RPMI),Pilot,Raw data,Klebsiella pneumoniae,04153260899A,RMPI,26039,,,,,,,,,,,,,,,Raw,20170731_MBPF_BPA_Sepsis_P16_0062_Exp12_Exp13,08/09/2017,,BPAOPS-303,https://downloads-qcif.bioplatforms.com/bpa/sepsis/proteomics/raw/ms1quantification/mbpf/BPAOPS-303/,
MBPF,1/9/17,Proteomics Raw data - Pilot (pooled sera and RPMI),Pilot,Raw data,Klebsiella pneumoniae,AJ292,RMPI,26040,,,,,,,,,,,,,,,Raw,20170731_MBPF_BPA_Sepsis_P16_0062_Exp12_Exp13,08/09/2017,,BPAOPS-303,https://downloads-qcif.bioplatforms.com/bpa/sepsis/proteomics/raw/ms1quantification/mbpf/BPAOPS-303/,
MBPF,1/9/17,Proteomics Raw data - Pilot (pooled sera and RPMI),Pilot,Raw data,Klebsiella pneumoniae,AJ055,RMPI,26041,,,,,,,,,,,,,,,Raw,20170731_MBPF_BPA_Sepsis_P16_0062_Exp12_Exp13,08/09/2017,,BPAOPS-303,https://downloads-qcif.bioplatforms.com/bpa/sepsis/proteomics/raw/ms1quantification/mbpf/BPAOPS-303/,
MBPF,1/9/17,Proteomics Raw data - Pilot (pooled sera and RPMI),Pilot,Raw data,Klebsiella pneumoniae,03-311-0071,RMPI,26042,,,,,,,,,,,,,,,Raw,20170731_MBPF_BPA_Sepsis_P16_0062_Exp12_Exp13,08/09/2017,,BPAOPS-303,https://downloads-qcif.bioplatforms.com/bpa/sepsis/proteomics/raw/ms1quantification/mbpf/BPAOPS-303/,
MBPF,1/9/17,"Proteomics Raw data - Pilot (pooled sera, RPMI+Glucose and RPMI+Galactose)",Pilot,Raw data,Streptococcus pneumoniae,4496,Pooled sera,50061,,,,,,,,,,,,,,,Raw,20170801_MBPF_BPA_Sepsis_P16_0062_Exp14,08/09/2017,,BPAOPS-304,https://downloads-qcif.bioplatforms.com/bpa/sepsis/proteomics/raw/ms1quantification/mbpf/BPAOPS-304/,
MBPF,1/9/17,"Proteomics Raw data - Pilot (pooled sera, RPMI+Glucose and RPMI+Galactose)",Pilot,Raw data,Streptococcus pneumoniae,947,Pooled sera,50062,,,,,,,,,,,,,,,Raw,20170801_MBPF_BPA_Sepsis_P16_0062_Exp14,08/09/2017,,BPAOPS-304,https://downloads-qcif.bioplatforms.com/bpa/sepsis/proteomics/raw/ms1quantification/mbpf/BPAOPS-304/,
MBPF,1/9/17,"Proteomics Raw data - Pilot (pooled sera, RPMI+Glucose and RPMI+Galactose)",Pilot,Raw data,Streptococcus pneumoniae,4559,Pooled sera,50063,,,,,,,,,,,,,,,Raw,20170801_MBPF_BPA_Sepsis_P16_0062_Exp14,08/09/2017,,BPAOPS-304,https://downloads-qcif.bioplatforms.com/bpa/sepsis/proteomics/raw/ms1quantification/mbpf/BPAOPS-304/,
MBPF,1/9/17,"Proteomics Raw data - Pilot (pooled sera, RPMI+Glucose and RPMI+Galactose)",Pilot,Raw data,Streptococcus pneumoniae,180/2,Pooled sera,50064,,,,,,,,,,,,,,,Raw,20170801_MBPF_BPA_Sepsis_P16_0062_Exp14,08/09/2017,,BPAOPS-304,https://downloads-qcif.bioplatforms.com/bpa/sepsis/proteomics/raw/ms1quantification/mbpf/BPAOPS-304/,
MBPF,1/9/17,"Proteomics Raw data - Pilot (pooled sera, RPMI+Glucose and RPMI+Galactose)",Pilot,Raw data,Streptococcus pneumoniae,180/15,Pooled sera,50065,,,,,,,,,,,,,,,Raw,20170801_MBPF_BPA_Sepsis_P16_0062_Exp14,08/09/2017,,BPAOPS-304,https://downloads-qcif.bioplatforms.com/bpa/sepsis/proteomics/raw/ms1quantification/mbpf/BPAOPS-304/,
MBPF,1/9/17,"Proteomics Raw data - Pilot (pooled sera, RPMI+Glucose and RPMI+Galactose)",Pilot,Raw data,Streptococcus pneumoniae,4496,RPMI + glucose,50066,,,,,,,,,,,,,,,Raw,20170801_MBPF_BPA_Sepsis_P16_0062_Exp14,08/09/2017,,BPAOPS-304,https://downloads-qcif.bioplatforms.com/bpa/sepsis/proteomics/raw/ms1quantification/mbpf/BPAOPS-304/,
MBPF,1/9/17,"Proteomics Raw data - Pilot (pooled sera, RPMI+Glucose and RPMI+Galactose)",Pilot,Raw data,Streptococcus pneumoniae,947,RPMI + glucose,50067,,,,,,,,,,,,,,,Raw,20170801_MBPF_BPA_Sepsis_P16_0062_Exp14,08/09/2017,,BPAOPS-304,https://downloads-qcif.bioplatforms.com/bpa/sepsis/proteomics/raw/ms1quantification/mbpf/BPAOPS-304/,
MBPF,1/9/17,"Proteomics Raw data - Pilot (pooled sera, RPMI+Glucose and RPMI+Galactose)",Pilot,Raw data,Streptococcus pneumoniae,4559,RPMI + glucose,50068,,,,,,,,,,,,,,,Raw,20170801_MBPF_BPA_Sepsis_P16_0062_Exp14,08/09/2017,,BPAOPS-304,https://downloads-qcif.bioplatforms.com/bpa/sepsis/proteomics/raw/ms1quantification/mbpf/BPAOPS-304/,
MBPF,1/9/17,"Proteomics Raw data - Pilot (pooled sera, RPMI+Glucose and RPMI+Galactose)",Pilot,Raw data,Streptococcus pneumoniae,180/2,RPMI + glucose,50069,,,,,,,,,,,,,,,Raw,20170801_MBPF_BPA_Sepsis_P16_0062_Exp14,08/09/2017,,BPAOPS-304,https://downloads-qcif.bioplatforms.com/bpa/sepsis/proteomics/raw/ms1quantification/mbpf/BPAOPS-304/,
MBPF,1/9/17,"Proteomics Raw data - Pilot (pooled sera, RPMI+Glucose and RPMI+Galactose)",Pilot,Raw data,Streptococcus pneumoniae,180/15,RPMI + glucose,50070,,,,,,,,,,,,,,,Raw,20170801_MBPF_BPA_Sepsis_P16_0062_Exp14,08/09/2017,,BPAOPS-304,https://downloads-qcif.bioplatforms.com/bpa/sepsis/proteomics/raw/ms1quantification/mbpf/BPAOPS-304/,
MBPF,1/9/17,"Proteomics Raw data - Pilot (pooled sera, RPMI+Glucose and RPMI+Galactose)",Pilot,Raw data,Streptococcus pneumoniae,4496,RPMI + galactose,50071,,,,,,,,,,,,,,,Raw,20170801_MBPF_BPA_Sepsis_P16_0062_Exp14,08/09/2017,,BPAOPS-304,https://downloads-qcif.bioplatforms.com/bpa/sepsis/proteomics/raw/ms1quantification/mbpf/BPAOPS-304/,
MBPF,1/9/17,"Proteomics Raw data - Pilot (pooled sera, RPMI+Glucose and RPMI+Galactose)",Pilot,Raw data,Streptococcus pneumoniae,947,RPMI + galactose,50072,,,,,,,,,,,,,,,Raw,20170801_MBPF_BPA_Sepsis_P16_0062_Exp14,08/09/2017,,BPAOPS-304,https://downloads-qcif.bioplatforms.com/bpa/sepsis/proteomics/raw/ms1quantification/mbpf/BPAOPS-304/,
MBPF,1/9/17,"Proteomics Raw data - Pilot (pooled sera, RPMI+Glucose and RPMI+Galactose)",Pilot,Raw data,Streptococcus pneumoniae,4559,RPMI + galactose,50073,,,,,,,,,,,,,,,Raw,20170801_MBPF_BPA_Sepsis_P16_0062_Exp14,08/09/2017,,BPAOPS-304,https://downloads-qcif.bioplatforms.com/bpa/sepsis/proteomics/raw/ms1quantification/mbpf/BPAOPS-304/,
MBPF,1/9/17,"Proteomics Raw data - Pilot (pooled sera, RPMI+Glucose and RPMI+Galactose)",Pilot,Raw data,Streptococcus pneumoniae,180/2,RPMI + galactose,50074,,,,,,,,,,,,,,,Raw,20170801_MBPF_BPA_Sepsis_P16_0062_Exp14,08/09/2017,,BPAOPS-304,https://downloads-qcif.bioplatforms.com/bpa/sepsis/proteomics/raw/ms1quantification/mbpf/BPAOPS-304/,
MBPF,1/9/17,"Proteomics Raw data - Pilot (pooled sera, RPMI+Glucose and RPMI+Galactose)",Pilot,Raw data,Streptococcus pneumoniae,180/15,RPMI + galactose,50075,,,,,,,,,,,,,,,Raw,20170801_MBPF_BPA_Sepsis_P16_0062_Exp14,08/09/2017,,BPAOPS-304,https://downloads-qcif.bioplatforms.com/bpa/sepsis/proteomics/raw/ms1quantification/mbpf/BPAOPS-304/,
MBPF,1/9/17,Proteomics Raw Data - Pilot (1:1 serum and RPMI),Pilot,Raw data,Escherichia coli,B36,Pooled sera,26048,,,,,,,,,,,,,,,Raw,20170808_MBPF_BPA_Sepsis_P16_0062_Exp16,08/09/2017,,BPAOPS-305,https://downloads-qcif.bioplatforms.com/bpa/sepsis/proteomics/raw/ms1quantification/mbpf/BPAOPS-305/,
MBPF,1/9/17,Proteomics Raw Data - Pilot (1:1 serum and RPMI),Pilot,Raw data,Escherichia coli,MS14384,Pooled sera,26049,,,,,,,,,,,,,,,Raw,20170808_MBPF_BPA_Sepsis_P16_0062_Exp16,08/09/2017,,BPAOPS-305,https://downloads-qcif.bioplatforms.com/bpa/sepsis/proteomics/raw/ms1quantification/mbpf/BPAOPS-305/,
MBPF,1/9/17,Proteomics Raw Data - Pilot (1:1 serum and RPMI),Pilot,Raw data,Escherichia coli,MS14385,Pooled sera,26050,,,,,,,,,,,,,,,Raw,20170808_MBPF_BPA_Sepsis_P16_0062_Exp16,08/09/2017,,BPAOPS-305,https://downloads-qcif.bioplatforms.com/bpa/sepsis/proteomics/raw/ms1quantification/mbpf/BPAOPS-305/,
MBPF,1/9/17,Proteomics Raw Data - Pilot (1:1 serum and RPMI),Pilot,Raw data,Escherichia coli,MS14386,Pooled sera,26051,,,,,,,,,,,,,,,Raw,20170808_MBPF_BPA_Sepsis_P16_0062_Exp16,08/09/2017,,BPAOPS-305,https://downloads-qcif.bioplatforms.com/bpa/sepsis/proteomics/raw/ms1quantification/mbpf/BPAOPS-305/,
MBPF,1/9/17,Proteomics Raw Data - Pilot (1:1 serum and RPMI),Pilot,Raw data,Escherichia coli,MS14387,Pooled sera,26052,,,,,,,,,,,,,,,Raw,20170808_MBPF_BPA_Sepsis_P16_0062_Exp16,08/09/2017,,BPAOPS-305,https://downloads-qcif.bioplatforms.com/bpa/sepsis/proteomics/raw/ms1quantification/mbpf/BPAOPS-305/,
MBPF,1/9/17,Proteomics Raw Data - Pilot (1:1 serum and RPMI),Pilot,Raw data,Escherichia coli,B36,RPMI,26053,,,,,,,,,,,,,,,Raw,20170808_MBPF_BPA_Sepsis_P16_0062_Exp16,08/09/2017,,BPAOPS-305,https://downloads-qcif.bioplatforms.com/bpa/sepsis/proteomics/raw/ms1quantification/mbpf/BPAOPS-305/,
MBPF,1/9/17,Proteomics Raw Data - Pilot (1:1 serum and RPMI),Pilot,Raw data,Escherichia coli,MS14384,RPMI,26054,,,,,,,,,,,,,,,Raw,20170808_MBPF_BPA_Sepsis_P16_0062_Exp16,08/09/2017,,BPAOPS-305,https://downloads-qcif.bioplatforms.com/bpa/sepsis/proteomics/raw/ms1quantification/mbpf/BPAOPS-305/,
MBPF,1/9/17,Proteomics Raw Data - Pilot (1:1 serum and RPMI),Pilot,Raw data,Escherichia coli,MS14385,RPMI,26055,,,,,,,,,,,,,,,Raw,20170808_MBPF_BPA_Sepsis_P16_0062_Exp16,08/09/2017,,BPAOPS-305,https://downloads-qcif.bioplatforms.com/bpa/sepsis/proteomics/raw/ms1quantification/mbpf/BPAOPS-305/,
MBPF,1/9/17,Proteomics Raw Data - Pilot (1:1 serum and RPMI),Pilot,Raw data,Escherichia coli,MS14386,RPMI,26056,,,,,,,,,,,,,,,Raw,20170808_MBPF_BPA_Sepsis_P16_0062_Exp16,08/09/2017,,BPAOPS-305,https://downloads-qcif.bioplatforms.com/bpa/sepsis/proteomics/raw/ms1quantification/mbpf/BPAOPS-305/,
MBPF,1/9/17,Proteomics Raw Data - Pilot (1:1 serum and RPMI),Pilot,Raw data,Escherichia coli,MS14387,RPMI,26057,,,,,,,,,,,,,,,Raw,20170808_MBPF_BPA_Sepsis_P16_0062_Exp16,08/09/2017,,BPAOPS-305,https://downloads-qcif.bioplatforms.com/bpa/sepsis/proteomics/raw/ms1quantification/mbpf/BPAOPS-305/,
MBPF,1/9/17,Proteomics Analysed data - Pilot (pooled sera and RPMI),Pilot,Analysed data,Escherichia coli,B36,Pooled sera,26025,,,,,,,,,,,,,,,"Analysed LC-MS (zip, multiple)",20170801_Analysed data_Proteomics_BPA_Sepsis_MBPF_P16_0062_Exp12_20170719,08/09/2017,,BPAOPS-306,https://downloads-qcif.bioplatforms.com/bpa/sepsis/proteomics/analysed/mbpf/BPAOPS-306/,
MBPF,1/9/17,Proteomics Analysed data - Pilot (pooled sera and RPMI),Pilot,Analysed data,Escherichia coli,MS14384,Pooled sera,26026,,,,,,,,,,,,,,,"Analysed LC-MS (zip, multiple)",20170801_Analysed data_Proteomics_BPA_Sepsis_MBPF_P16_0062_Exp12_20170719,08/09/2017,,BPAOPS-306,https://downloads-qcif.bioplatforms.com/bpa/sepsis/proteomics/analysed/mbpf/BPAOPS-306/,
MBPF,1/9/17,Proteomics Analysed data - Pilot (pooled sera and RPMI),Pilot,Analysed data,Escherichia coli,MS14385,Pooled sera,26027,,,,,,,,,,,,,,,"Analysed LC-MS (zip, multiple)",20170801_Analysed data_Proteomics_BPA_Sepsis_MBPF_P16_0062_Exp12_20170719,08/09/2017,,BPAOPS-306,https://downloads-qcif.bioplatforms.com/bpa/sepsis/proteomics/analysed/mbpf/BPAOPS-306/,
MBPF,1/9/17,Proteomics Analysed data - Pilot (pooled sera and RPMI),Pilot,Analysed data,Escherichia coli,MS14386,Pooled sera,26028,,,,,,,,,,,,,,,"Analysed LC-MS (zip, multiple)",20170801_Analysed data_Proteomics_BPA_Sepsis_MBPF_P16_0062_Exp12_20170719,08/09/2017,,BPAOPS-306,https://downloads-qcif.bioplatforms.com/bpa/sepsis/proteomics/analysed/mbpf/BPAOPS-306/,
MBPF,1/9/17,Proteomics Analysed data - Pilot (pooled sera and RPMI),Pilot,Analysed data,Escherichia coli,MS14387,Pooled sera,26029,,,,,,,,,,,,,,,"Analysed LC-MS (zip, multiple)",20170801_Analysed data_Proteomics_BPA_Sepsis_MBPF_P16_0062_Exp12_20170719,08/09/2017,,BPAOPS-306,https://downloads-qcif.bioplatforms.com/bpa/sepsis/proteomics/analysed/mbpf/BPAOPS-306/,
MBPF,1/9/17,Proteomics Analysed data - Pilot (pooled sera and RPMI),Pilot,Analysed data,Escherichia coli,B36,RPMI,26030,,,,,,,,,,,,,,,"Analysed LC-MS (zip, multiple)",20170801_Analysed data_Proteomics_BPA_Sepsis_MBPF_P16_0062_Exp12_20170719,08/09/2017,,BPAOPS-306,https://downloads-qcif.bioplatforms.com/bpa/sepsis/proteomics/analysed/mbpf/BPAOPS-306/,
MBPF,1/9/17,Proteomics Analysed data - Pilot (pooled sera and RPMI),Pilot,Analysed data,Escherichia coli,MS14384,RPMI,26031,,,,,,,,,,,,,,,"Analysed LC-MS (zip, multiple)",20170801_Analysed data_Proteomics_BPA_Sepsis_MBPF_P16_0062_Exp12_20170719,08/09/2017,,BPAOPS-306,https://downloads-qcif.bioplatforms.com/bpa/sepsis/proteomics/analysed/mbpf/BPAOPS-306/,
MBPF,1/9/17,Proteomics Analysed data - Pilot (pooled sera and RPMI),Pilot,Analysed data,Escherichia coli,MS14385,RPMI,26032,,,,,,,,,,,,,,,"Analysed LC-MS (zip, multiple)",20170801_Analysed data_Proteomics_BPA_Sepsis_MBPF_P16_0062_Exp12_20170719,08/09/2017,,BPAOPS-306,https://downloads-qcif.bioplatforms.com/bpa/sepsis/proteomics/analysed/mbpf/BPAOPS-306/,
MBPF,1/9/17,Proteomics Analysed data - Pilot (pooled sera and RPMI),Pilot,Analysed data,Escherichia coli,MS14386,RPMI,26033,,,,,,,,,,,,,,,"Analysed LC-MS (zip, multiple)",20170801_Analysed data_Proteomics_BPA_Sepsis_MBPF_P16_0062_Exp12_20170719,08/09/2017,,BPAOPS-306,https://downloads-qcif.bioplatforms.com/bpa/sepsis/proteomics/analysed/mbpf/BPAOPS-306/,
MBPF,1/9/17,Proteomics Analysed data - Pilot (pooled sera and RPMI),Pilot,Analysed data,Escherichia coli,MS14387,RPMI,26034,,,,,,,,,,,,,,,"Analysed LC-MS (zip, multiple)",20170801_Analysed data_Proteomics_BPA_Sepsis_MBPF_P16_0062_Exp12_20170719,08/09/2017,,BPAOPS-306,https://downloads-qcif.bioplatforms.com/bpa/sepsis/proteomics/analysed/mbpf/BPAOPS-306/,
MBPF,1/9/17,Proteomics Analysed data - Pilot (pooled sera and RPMI),Pilot,Analysed data,Klebsiella pneumoniae,04153260899A,Pooled sera,26035,,,,,,,,,,,,,,,"Analysed LC-MS (zip, multiple)",20170801_Analysed data_Proteomics_BPA_Sepsis_MBPF_P16_0062_Exp13_20170724,08/09/2017,,BPAOPS-307,https://downloads-qcif.bioplatforms.com/bpa/sepsis/proteomics/analysed/mbpf/BPAOPS-307/,
MBPF,1/9/17,Proteomics Analysed data - Pilot (pooled sera and RPMI),Pilot,Analysed data,Klebsiella pneumoniae,AJ292,Pooled sera,26036,,,,,,,,,,,,,,,"Analysed LC-MS (zip, multiple)",20170801_Analysed data_Proteomics_BPA_Sepsis_MBPF_P16_0062_Exp13_20170724,08/09/2017,,BPAOPS-307,https://downloads-qcif.bioplatforms.com/bpa/sepsis/proteomics/analysed/mbpf/BPAOPS-307/,
MBPF,1/9/17,Proteomics Analysed data - Pilot (pooled sera and RPMI),Pilot,Analysed data,Klebsiella pneumoniae,AJ055,Pooled sera,26037,,,,,,,,,,,,,,,"Analysed LC-MS (zip, multiple)",20170801_Analysed data_Proteomics_BPA_Sepsis_MBPF_P16_0062_Exp13_20170724,08/09/2017,,BPAOPS-307,https://downloads-qcif.bioplatforms.com/bpa/sepsis/proteomics/analysed/mbpf/BPAOPS-307/,
MBPF,1/9/17,Proteomics Analysed data - Pilot (pooled sera and RPMI),Pilot,Analysed data,Klebsiella pneumoniae,03-311-0071,Pooled sera,26038,,,,,,,,,,,,,,,"Analysed LC-MS (zip, multiple)",20170801_Analysed data_Proteomics_BPA_Sepsis_MBPF_P16_0062_Exp13_20170724,08/09/2017,,BPAOPS-307,https://downloads-qcif.bioplatforms.com/bpa/sepsis/proteomics/analysed/mbpf/BPAOPS-307/,
MBPF,1/9/17,Proteomics Analysed data - Pilot (pooled sera and RPMI),Pilot,Analysed data,Klebsiella pneumoniae,04153260899A,RMPI,26039,,,,,,,,,,,,,,,"Analysed LC-MS (zip, multiple)",20170801_Analysed data_Proteomics_BPA_Sepsis_MBPF_P16_0062_Exp13_20170724,08/09/2017,,BPAOPS-307,https://downloads-qcif.bioplatforms.com/bpa/sepsis/proteomics/analysed/mbpf/BPAOPS-307/,
MBPF,1/9/17,Proteomics Analysed data - Pilot (pooled sera and RPMI),Pilot,Analysed data,Klebsiella pneumoniae,AJ292,RMPI,26040,,,,,,,,,,,,,,,"Analysed LC-MS (zip, multiple)",20170801_Analysed data_Proteomics_BPA_Sepsis_MBPF_P16_0062_Exp13_20170724,08/09/2017,,BPAOPS-307,https://downloads-qcif.bioplatforms.com/bpa/sepsis/proteomics/analysed/mbpf/BPAOPS-307/,
MBPF,1/9/17,Proteomics Analysed data - Pilot (pooled sera and RPMI),Pilot,Analysed data,Klebsiella pneumoniae,AJ055,RMPI,26041,,,,,,,,,,,,,,,"Analysed LC-MS (zip, multiple)",20170801_Analysed data_Proteomics_BPA_Sepsis_MBPF_P16_0062_Exp13_20170724,08/09/2017,,BPAOPS-307,https://downloads-qcif.bioplatforms.com/bpa/sepsis/proteomics/analysed/mbpf/BPAOPS-307/,
MBPF,1/9/17,Proteomics Analysed data - Pilot (pooled sera and RPMI),Pilot,Analysed data,Klebsiella pneumoniae,03-311-0071,RMPI,26042,,,,,,,,,,,,,,,"Analysed LC-MS (zip, multiple)",20170801_Analysed data_Proteomics_BPA_Sepsis_MBPF_P16_0062_Exp13_20170724,08/09/2017,,BPAOPS-307,https://downloads-qcif.bioplatforms.com/bpa/sepsis/proteomics/analysed/mbpf/BPAOPS-307/,
MBPF,1/9/17,"Proteomics Analysed data - Pilot (pooled sera, RPMI+Glucose and RPMI+Galactose)",Pilot,Analysed data,Streptococcus pneumoniae,4496,Pooled sera,50061,,,,,,,,,,,,,,,"Analysed LC-MS (zip, multiple)",20170802_Analysed data_Proteomics_BPA_Sepsis_MBPF_P16_0062_Exp14_20170802,08/09/2017,,BPAOPS-308,https://downloads-qcif.bioplatforms.com/bpa/sepsis/proteomics/analysed/mbpf/BPAOPS-308/,
MBPF,1/9/17,"Proteomics Analysed data - Pilot (pooled sera, RPMI+Glucose and RPMI+Galactose)",Pilot,Analysed data,Streptococcus pneumoniae,947,Pooled sera,50062,,,,,,,,,,,,,,,"Analysed LC-MS (zip, multiple)",20170802_Analysed data_Proteomics_BPA_Sepsis_MBPF_P16_0062_Exp14_20170802,08/09/2017,,BPAOPS-308,https://downloads-qcif.bioplatforms.com/bpa/sepsis/proteomics/analysed/mbpf/BPAOPS-308/,
MBPF,1/9/17,"Proteomics Analysed data - Pilot (pooled sera, RPMI+Glucose and RPMI+Galactose)",Pilot,Analysed data,Streptococcus pneumoniae,4559,Pooled sera,50063,,,,,,,,,,,,,,,"Analysed LC-MS (zip, multiple)",20170802_Analysed data_Proteomics_BPA_Sepsis_MBPF_P16_0062_Exp14_20170802,08/09/2017,,BPAOPS-308,https://downloads-qcif.bioplatforms.com/bpa/sepsis/proteomics/analysed/mbpf/BPAOPS-308/,
MBPF,1/9/17,"Proteomics Analysed data - Pilot (pooled sera, RPMI+Glucose and RPMI+Galactose)",Pilot,Analysed data,Streptococcus pneumoniae,180/2,Pooled sera,50064,,,,,,,,,,,,,,,"Analysed LC-MS (zip, multiple)",20170802_Analysed data_Proteomics_BPA_Sepsis_MBPF_P16_0062_Exp14_20170802,08/09/2017,,BPAOPS-308,https://downloads-qcif.bioplatforms.com/bpa/sepsis/proteomics/analysed/mbpf/BPAOPS-308/,
MBPF,1/9/17,"Proteomics Analysed data - Pilot (pooled sera, RPMI+Glucose and RPMI+Galactose)",Pilot,Analysed data,Streptococcus pneumoniae,180/15,Pooled sera,50065,,,,,,,,,,,,,,,"Analysed LC-MS (zip, multiple)",20170802_Analysed data_Proteomics_BPA_Sepsis_MBPF_P16_0062_Exp14_20170802,08/09/2017,,BPAOPS-308,https://downloads-qcif.bioplatforms.com/bpa/sepsis/proteomics/analysed/mbpf/BPAOPS-308/,
MBPF,1/9/17,"Proteomics Analysed data - Pilot (pooled sera, RPMI+Glucose and RPMI+Galactose)",Pilot,Analysed data,Streptococcus pneumoniae,4496,RPMI + glucose,50066,,,,,,,,,,,,,,,"Analysed LC-MS (zip, multiple)",20170802_Analysed data_Proteomics_BPA_Sepsis_MBPF_P16_0062_Exp14_20170802,08/09/2017,,BPAOPS-308,https://downloads-qcif.bioplatforms.com/bpa/sepsis/proteomics/analysed/mbpf/BPAOPS-308/,
MBPF,1/9/17,"Proteomics Analysed data - Pilot (pooled sera, RPMI+Glucose and RPMI+Galactose)",Pilot,Analysed data,Streptococcus pneumoniae,947,RPMI + glucose,50067,,,,,,,,,,,,,,,"Analysed LC-MS (zip, multiple)",20170802_Analysed data_Proteomics_BPA_Sepsis_MBPF_P16_0062_Exp14_20170802,08/09/2017,,BPAOPS-308,https://downloads-qcif.bioplatforms.com/bpa/sepsis/proteomics/analysed/mbpf/BPAOPS-308/,
MBPF,1/9/17,"Proteomics Analysed data - Pilot (pooled sera, RPMI+Glucose and RPMI+Galactose)",Pilot,Analysed data,Streptococcus pneumoniae,4559,RPMI + glucose,50068,,,,,,,,,,,,,,,"Analysed LC-MS (zip, multiple)",20170802_Analysed data_Proteomics_BPA_Sepsis_MBPF_P16_0062_Exp14_20170802,08/09/2017,,BPAOPS-308,https://downloads-qcif.bioplatforms.com/bpa/sepsis/proteomics/analysed/mbpf/BPAOPS-308/,
MBPF,1/9/17,"Proteomics Analysed data - Pilot (pooled sera, RPMI+Glucose and RPMI+Galactose)",Pilot,Analysed data,Streptococcus pneumoniae,180/2,RPMI + glucose,50069,,,,,,,,,,,,,,,"Analysed LC-MS (zip, multiple)",20170802_Analysed data_Proteomics_BPA_Sepsis_MBPF_P16_0062_Exp14_20170802,08/09/2017,,BPAOPS-308,https://downloads-qcif.bioplatforms.com/bpa/sepsis/proteomics/analysed/mbpf/BPAOPS-308/,
MBPF,1/9/17,"Proteomics Analysed data - Pilot (pooled sera, RPMI+Glucose and RPMI+Galactose)",Pilot,Analysed data,Streptococcus pneumoniae,180/15,RPMI + glucose,50070,,,,,,,,,,,,,,,"Analysed LC-MS (zip, multiple)",20170802_Analysed data_Proteomics_BPA_Sepsis_MBPF_P16_0062_Exp14_20170802,08/09/2017,,BPAOPS-308,https://downloads-qcif.bioplatforms.com/bpa/sepsis/proteomics/analysed/mbpf/BPAOPS-308/,
MBPF,1/9/17,"Proteomics Analysed data - Pilot (pooled sera, RPMI+Glucose and RPMI+Galactose)",Pilot,Analysed data,Streptococcus pneumoniae,4496,RPMI + galactose,50071,,,,,,,,,,,,,,,"Analysed LC-MS (zip, multiple)",20170802_Analysed data_Proteomics_BPA_Sepsis_MBPF_P16_0062_Exp14_20170802,08/09/2017,,BPAOPS-308,https://downloads-qcif.bioplatforms.com/bpa/sepsis/proteomics/analysed/mbpf/BPAOPS-308/,
MBPF,1/9/17,"Proteomics Analysed data - Pilot (pooled sera, RPMI+Glucose and RPMI+Galactose)",Pilot,Analysed data,Streptococcus pneumoniae,947,RPMI + galactose,50072,,,,,,,,,,,,,,,"Analysed LC-MS (zip, multiple)",20170802_Analysed data_Proteomics_BPA_Sepsis_MBPF_P16_0062_Exp14_20170802,08/09/2017,,BPAOPS-308,https://downloads-qcif.bioplatforms.com/bpa/sepsis/proteomics/analysed/mbpf/BPAOPS-308/,
MBPF,1/9/17,"Proteomics Analysed data - Pilot (pooled sera, RPMI+Glucose and RPMI+Galactose)",Pilot,Analysed data,Streptococcus pneumoniae,4559,RPMI + galactose,50073,,,,,,,,,,,,,,,"Analysed LC-MS (zip, multiple)",20170802_Analysed data_Proteomics_BPA_Sepsis_MBPF_P16_0062_Exp14_20170802,08/09/2017,,BPAOPS-308,https://downloads-qcif.bioplatforms.com/bpa/sepsis/proteomics/analysed/mbpf/BPAOPS-308/,
MBPF,1/9/17,"Proteomics Analysed data - Pilot (pooled sera, RPMI+Glucose and RPMI+Galactose)",Pilot,Analysed data,Streptococcus pneumoniae,180/2,RPMI + galactose,50074,,,,,,,,,,,,,,,"Analysed LC-MS (zip, multiple)",20170802_Analysed data_Proteomics_BPA_Sepsis_MBPF_P16_0062_Exp14_20170802,08/09/2017,,BPAOPS-308,https://downloads-qcif.bioplatforms.com/bpa/sepsis/proteomics/analysed/mbpf/BPAOPS-308/,
MBPF,1/9/17,"Proteomics Analysed data - Pilot (pooled sera, RPMI+Glucose and RPMI+Galactose)",Pilot,Analysed data,Streptococcus pneumoniae,180/15,RPMI + galactose,50075,,,,,,,,,,,,,,,"Analysed LC-MS (zip, multiple)",20170802_Analysed data_Proteomics_BPA_Sepsis_MBPF_P16_0062_Exp14_20170802,08/09/2017,,BPAOPS-308,https://downloads-qcif.bioplatforms.com/bpa/sepsis/proteomics/analysed/mbpf/BPAOPS-308/,
MBPF,1/9/17,Proteomics Analysed Data - Pilot (1:1 serum and RPMI),Pilot,Analysed data,Escherichia coli,B36,Pooled sera,26048,,,,,,,,,,,,,,,"Analysed LC-MS (zip, multiple)",20170810_Analysed data_Proteomics_BPA_Sepsis_MBPF_P16_0062_Exp16_20170807,08/09/2017,,BPAOPS-309,https://downloads-qcif.bioplatforms.com/bpa/sepsis/proteomics/analysed/mbpf/BPAOPS-309/,
MBPF,1/9/17,Proteomics Analysed Data - Pilot (1:1 serum and RPMI),Pilot,Analysed data,Escherichia coli,MS14384,Pooled sera,26049,,,,,,,,,,,,,,,"Analysed LC-MS (zip, multiple)",20170810_Analysed data_Proteomics_BPA_Sepsis_MBPF_P16_0062_Exp16_20170807,08/09/2017,,BPAOPS-309,https://downloads-qcif.bioplatforms.com/bpa/sepsis/proteomics/analysed/mbpf/BPAOPS-309/,
MBPF,1/9/17,Proteomics Analysed Data - Pilot (1:1 serum and RPMI),Pilot,Analysed data,Escherichia coli,MS14385,Pooled sera,26050,,,,,,,,,,,,,,,"Analysed LC-MS (zip, multiple)",20170810_Analysed data_Proteomics_BPA_Sepsis_MBPF_P16_0062_Exp16_20170807,08/09/2017,,BPAOPS-309,https://downloads-qcif.bioplatforms.com/bpa/sepsis/proteomics/analysed/mbpf/BPAOPS-309/,
MBPF,1/9/17,Proteomics Analysed Data - Pilot (1:1 serum and RPMI),Pilot,Analysed data,Escherichia coli,MS14386,Pooled sera,26051,,,,,,,,,,,,,,,"Analysed LC-MS (zip, multiple)",20170810_Analysed data_Proteomics_BPA_Sepsis_MBPF_P16_0062_Exp16_20170807,08/09/2017,,BPAOPS-309,https://downloads-qcif.bioplatforms.com/bpa/sepsis/proteomics/analysed/mbpf/BPAOPS-309/,
MBPF,1/9/17,Proteomics Analysed Data - Pilot (1:1 serum and RPMI),Pilot,Analysed data,Escherichia coli,MS14387,Pooled sera,26052,,,,,,,,,,,,,,,"Analysed LC-MS (zip, multiple)",20170810_Analysed data_Proteomics_BPA_Sepsis_MBPF_P16_0062_Exp16_20170807,08/09/2017,,BPAOPS-309,https://downloads-qcif.bioplatforms.com/bpa/sepsis/proteomics/analysed/mbpf/BPAOPS-309/,
MBPF,1/9/17,Proteomics Analysed Data - Pilot (1:1 serum and RPMI),Pilot,Analysed data,Escherichia coli,B36,RPMI,26053,,,,,,,,,,,,,,,"Analysed LC-MS (zip, multiple)",20170810_Analysed data_Proteomics_BPA_Sepsis_MBPF_P16_0062_Exp16_20170807,08/09/2017,,BPAOPS-309,https://downloads-qcif.bioplatforms.com/bpa/sepsis/proteomics/analysed/mbpf/BPAOPS-309/,
MBPF,1/9/17,Proteomics Analysed Data - Pilot (1:1 serum and RPMI),Pilot,Analysed data,Escherichia coli,MS14384,RPMI,26054,,,,,,,,,,,,,,,"Analysed LC-MS (zip, multiple)",20170810_Analysed data_Proteomics_BPA_Sepsis_MBPF_P16_0062_Exp16_20170807,08/09/2017,,BPAOPS-309,https://downloads-qcif.bioplatforms.com/bpa/sepsis/proteomics/analysed/mbpf/BPAOPS-309/,
MBPF,1/9/17,Proteomics Analysed Data - Pilot (1:1 serum and RPMI),Pilot,Analysed data,Escherichia coli,MS14385,RPMI,26055,,,,,,,,,,,,,,,"Analysed LC-MS (zip, multiple)",20170810_Analysed data_Proteomics_BPA_Sepsis_MBPF_P16_0062_Exp16_20170807,08/09/2017,,BPAOPS-309,https://downloads-qcif.bioplatforms.com/bpa/sepsis/proteomics/analysed/mbpf/BPAOPS-309/,
MBPF,1/9/17,Proteomics Analysed Data - Pilot (1:1 serum and RPMI),Pilot,Analysed data,Escherichia coli,MS14386,RPMI,26056,,,,,,,,,,,,,,,"Analysed LC-MS (zip, multiple)",20170810_Analysed data_Proteomics_BPA_Sepsis_MBPF_P16_0062_Exp16_20170807,08/09/2017,,BPAOPS-309,https://downloads-qcif.bioplatforms.com/bpa/sepsis/proteomics/analysed/mbpf/BPAOPS-309/,
MBPF,1/9/17,Proteomics Analysed Data - Pilot (1:1 serum and RPMI),Pilot,Analysed data,Escherichia coli,MS14387,RPMI,26057,,,,,,,,,,,,,,,"Analysed LC-MS (zip, multiple)",20170810_Analysed data_Proteomics_BPA_Sepsis_MBPF_P16_0062_Exp16_20170807,08/09/2017,,BPAOPS-309,https://downloads-qcif.bioplatforms.com/bpa/sepsis/proteomics/analysed/mbpf/BPAOPS-309/,
MBPF,1/9/17,Protein database (Concatenated .faa files from BPAOPS-96 with Human and contaminant sequences),,,Streptococcus pyogenes,5448,N/A,25705,,,,,,,,,,,,,,,Protein database (FASTA file),20170824_MBPF_BPA_Sepsis_P16_0062_Databases,08/09/2017,,BPAOPS-310,https://downloads-qcif.bioplatforms.com/bpa/sepsis/proteomics/proteindatabase/mbpf/BPAOPS-310/,
MBPF,1/9/17,Protein database (Concatenated .faa files from BPAOPS-96 with Human and contaminant sequences),,,Streptococcus pyogenes,SP444,N/A,25706,,,,,,,,,,,,,,,Protein database (FASTA file),20170824_MBPF_BPA_Sepsis_P16_0062_Databases,08/09/2017,,BPAOPS-310,https://downloads-qcif.bioplatforms.com/bpa/sepsis/proteomics/proteindatabase/mbpf/BPAOPS-310/,
MBPF,1/9/17,Protein database (Concatenated .faa files from BPAOPS-96 with Human and contaminant sequences),,,Streptococcus pyogenes,HKU419,N/A,25707,,,,,,,,,,,,,,,Protein database (FASTA file),20170824_MBPF_BPA_Sepsis_P16_0062_Databases,08/09/2017,,BPAOPS-310,https://downloads-qcif.bioplatforms.com/bpa/sepsis/proteomics/proteindatabase/mbpf/BPAOPS-310/,
MBPF,1/9/17,Protein database (Concatenated .faa files from BPAOPS-96 with Human and contaminant sequences),,,Streptococcus pyogenes,PS003,N/A,25708,,,,,,,,,,,,,,,Protein database (FASTA file),20170824_MBPF_BPA_Sepsis_P16_0062_Databases,08/09/2017,,BPAOPS-310,https://downloads-qcif.bioplatforms.com/bpa/sepsis/proteomics/proteindatabase/mbpf/BPAOPS-310/,
MBPF,1/9/17,Protein database (Concatenated .faa files from BPAOPS-96 with Human and contaminant sequences),,,Streptococcus pyogenes,PS006,N/A,25709,,,,,,,,,,,,,,,Protein database (FASTA file),20170824_MBPF_BPA_Sepsis_P16_0062_Databases,08/09/2017,,BPAOPS-310,https://downloads-qcif.bioplatforms.com/bpa/sepsis/proteomics/proteindatabase/mbpf/BPAOPS-310/,
MBPF,1/9/17,Protein database (Concatenated .faa files from BPAOPS-96 with Human and contaminant sequences),,,Klebsiella pneumoniae,AJ055,N/A,25725,,,,,,,,,,,,,,,Protein database (FASTA file),20170824_MBPF_BPA_Sepsis_P16_0062_Databases,08/09/2017,,BPAOPS-310,https://downloads-qcif.bioplatforms.com/bpa/sepsis/proteomics/proteindatabase/mbpf/BPAOPS-310/,
MBPF,1/9/17,Protein database (Concatenated .faa files from BPAOPS-96 with Human and contaminant sequences),,,Klebsiella pneumoniae,AJ218,N/A,25726,,,,,,,,,,,,,,,Protein database (FASTA file),20170824_MBPF_BPA_Sepsis_P16_0062_Databases,08/09/2017,,BPAOPS-310,https://downloads-qcif.bioplatforms.com/bpa/sepsis/proteomics/proteindatabase/mbpf/BPAOPS-310/,
MBPF,1/9/17,Protein database (Concatenated .faa files from BPAOPS-96 with Human and contaminant sequences),,,Klebsiella pneumoniae,AJ292,N/A,25727,,,,,,,,,,,,,,,Protein database (FASTA file),20170824_MBPF_BPA_Sepsis_P16_0062_Databases,08/09/2017,,BPAOPS-310,https://downloads-qcif.bioplatforms.com/bpa/sepsis/proteomics/proteindatabase/mbpf/BPAOPS-310/,
MBPF,1/9/17,Protein database (Concatenated .faa files from BPAOPS-96 with Human and contaminant sequences),,,Klebsiella pneumoniae,KPC2,N/A,25728,,,,,,,,,,,,,,,Protein database (FASTA file),20170824_MBPF_BPA_Sepsis_P16_0062_Databases,08/09/2017,,BPAOPS-310,https://downloads-qcif.bioplatforms.com/bpa/sepsis/proteomics/proteindatabase/mbpf/BPAOPS-310/,
MBPF,1/9/17,Protein database (Concatenated .faa files from BPAOPS-96 with Human and contaminant sequences),,,Klebsiella pneumoniae,03-311-0071,N/A,25729,,,,,,,,,,,,,,,Protein database (FASTA file),20170824_MBPF_BPA_Sepsis_P16_0062_Databases,08/09/2017,,BPAOPS-310,https://downloads-qcif.bioplatforms.com/bpa/sepsis/proteomics/proteindatabase/mbpf/BPAOPS-310/,
MBPF,1/9/17,Protein database (Concatenated .faa files from BPAOPS-96 with Human and contaminant sequences),,,Klebsiella pneumoniae,04153260899A,N/A,25730,,,,,,,,,,,,,,,Protein database (FASTA file),20170824_MBPF_BPA_Sepsis_P16_0062_Databases,08/09/2017,,BPAOPS-310,https://downloads-qcif.bioplatforms.com/bpa/sepsis/proteomics/proteindatabase/mbpf/BPAOPS-310/,
MBPF,1/9/17,Protein database (Concatenated .faa files from BPAOPS-96 with Human and contaminant sequences),,,Staphylococcus aureus,BPH2760,N/A,25745,,,,,,,,,,,,,,,Protein database (FASTA file),20170824_MBPF_BPA_Sepsis_P16_0062_Databases,08/09/2017,,BPAOPS-310,https://downloads-qcif.bioplatforms.com/bpa/sepsis/proteomics/proteindatabase/mbpf/BPAOPS-310/,
MBPF,1/9/17,Protein database (Concatenated .faa files from BPAOPS-96 with Human and contaminant sequences),,,Staphylococcus aureus,BPH2819,N/A,25746,,,,,,,,,,,,,,,Protein database (FASTA file),20170824_MBPF_BPA_Sepsis_P16_0062_Databases,08/09/2017,,BPAOPS-310,https://downloads-qcif.bioplatforms.com/bpa/sepsis/proteomics/proteindatabase/mbpf/BPAOPS-310/,
MBPF,1/9/17,Protein database (Concatenated .faa files from BPAOPS-96 with Human and contaminant sequences),,,Staphylococcus aureus,BPH2900,N/A,25747,,,,,,,,,,,,,,,Protein database (FASTA file),20170824_MBPF_BPA_Sepsis_P16_0062_Databases,08/09/2017,,BPAOPS-310,https://downloads-qcif.bioplatforms.com/bpa/sepsis/proteomics/proteindatabase/mbpf/BPAOPS-310/,
MBPF,1/9/17,Protein database (Concatenated .faa files from BPAOPS-96 with Human and contaminant sequences),,,Staphylococcus aureus,BPH2947,N/A,25748,,,,,,,,,,,,,,,Protein database (FASTA file),20170824_MBPF_BPA_Sepsis_P16_0062_Databases,08/09/2017,,BPAOPS-310,https://downloads-qcif.bioplatforms.com/bpa/sepsis/proteomics/proteindatabase/mbpf/BPAOPS-310/,
MBPF,1/9/17,Protein database (Concatenated .faa files from BPAOPS-96 with Human and contaminant sequences),,,Staphylococcus aureus,BPH2986,N/A,25749,,,,,,,,,,,,,,,Protein database (FASTA file),20170824_MBPF_BPA_Sepsis_P16_0062_Databases,08/09/2017,,BPAOPS-310,https://downloads-qcif.bioplatforms.com/bpa/sepsis/proteomics/proteindatabase/mbpf/BPAOPS-310/,
MBPF,1/9/17,Protein database (Concatenated .faa files from BPAOPS-96 with Human and contaminant sequences),,,Escherichia coli,B36,N/A,25765,,,,,,,,,,,,,,,Protein database (FASTA file),20170824_MBPF_BPA_Sepsis_P16_0062_Databases,08/09/2017,,BPAOPS-310,https://downloads-qcif.bioplatforms.com/bpa/sepsis/proteomics/proteindatabase/mbpf/BPAOPS-310/,
MBPF,1/9/17,Protein database (Concatenated .faa files from BPAOPS-96 with Human and contaminant sequences),,,Escherichia coli,MS14384,N/A,25766,,,,,,,,,,,,,,,Protein database (FASTA file),20170824_MBPF_BPA_Sepsis_P16_0062_Databases,08/09/2017,,BPAOPS-310,https://downloads-qcif.bioplatforms.com/bpa/sepsis/proteomics/proteindatabase/mbpf/BPAOPS-310/,
MBPF,1/9/17,Protein database (Concatenated .faa files from BPAOPS-96 with Human and contaminant sequences),,,Escherichia coli,MS14385,N/A,25767,,,,,,,,,,,,,,,Protein database (FASTA file),20170824_MBPF_BPA_Sepsis_P16_0062_Databases,08/09/2017,,BPAOPS-310,https://downloads-qcif.bioplatforms.com/bpa/sepsis/proteomics/proteindatabase/mbpf/BPAOPS-310/,
MBPF,1/9/17,Protein database (Concatenated .faa files from BPAOPS-96 with Human and contaminant sequences),,,Escherichia coli,MS14386,N/A,25768,,,,,,,,,,,,,,,Protein database (FASTA file),20170824_MBPF_BPA_Sepsis_P16_0062_Databases,08/09/2017,,BPAOPS-310,https://downloads-qcif.bioplatforms.com/bpa/sepsis/proteomics/proteindatabase/mbpf/BPAOPS-310/,
MBPF,1/9/17,Protein database (Concatenated .faa files from BPAOPS-96 with Human and contaminant sequences),,,Escherichia coli,MS14387,N/A,25769,,,,,,,,,,,,,,,Protein database (FASTA file),20170824_MBPF_BPA_Sepsis_P16_0062_Databases,08/09/2017,,BPAOPS-310,https://downloads-qcif.bioplatforms.com/bpa/sepsis/proteomics/proteindatabase/mbpf/BPAOPS-310/,
MBPF,1/9/17,Protein database (Concatenated .faa files from BPAOPS-96 with Human and contaminant sequences),,,Streptococcus pneumoniae,4496,N/A,25785,,,,,,,,,,,,,,,Protein database (FASTA file),20170824_MBPF_BPA_Sepsis_P16_0062_Databases,08/09/2017,,BPAOPS-310,https://downloads-qcif.bioplatforms.com/bpa/sepsis/proteomics/proteindatabase/mbpf/BPAOPS-310/,
MBPF,1/9/17,Protein database (Concatenated .faa files from BPAOPS-96 with Human and contaminant sequences),,,Streptococcus pneumoniae,947,N/A,25786,,,,,,,,,,,,,,,Protein database (FASTA file),20170824_MBPF_BPA_Sepsis_P16_0062_Databases,08/09/2017,,BPAOPS-310,https://downloads-qcif.bioplatforms.com/bpa/sepsis/proteomics/proteindatabase/mbpf/BPAOPS-310/,
MBPF,1/9/17,Protein database (Concatenated .faa files from BPAOPS-96 with Human and contaminant sequences),,,Streptococcus pneumoniae,4559,N/A,25787,,,,,,,,,,,,,,,Protein database (FASTA file),20170824_MBPF_BPA_Sepsis_P16_0062_Databases,08/09/2017,,BPAOPS-310,https://downloads-qcif.bioplatforms.com/bpa/sepsis/proteomics/proteindatabase/mbpf/BPAOPS-310/,
MBPF,1/9/17,Protein database (Concatenated .faa files from BPAOPS-96 with Human and contaminant sequences),,,Streptococcus pneumoniae,180/2,N/A,25788,,,,,,,,,,,,,,,Protein database (FASTA file),20170824_MBPF_BPA_Sepsis_P16_0062_Databases,08/09/2017,,BPAOPS-310,https://downloads-qcif.bioplatforms.com/bpa/sepsis/proteomics/proteindatabase/mbpf/BPAOPS-310/,
MBPF,1/9/17,Protein database (Concatenated .faa files from BPAOPS-96 with Human and contaminant sequences),,,Streptococcus pneumoniae,180/15,N/A,25789,,,,,,,,,,,,,,,Protein database (FASTA file),20170824_MBPF_BPA_Sepsis_P16_0062_Databases,08/09/2017,,BPAOPS-310,https://downloads-qcif.bioplatforms.com/bpa/sepsis/proteomics/proteindatabase/mbpf/BPAOPS-310/,