5 digit BPA ID,Data type,Taxon_OR_organism,Strain_OR_isolate,Serovar,Growth Media,Replicate,Omics,Analytical platform,Facility,Work order #,Contextual Data Submission Date,Sample submission date
102.100.100.50778,Main dataset,Klebsiella pneumoniae,04153260899A,,Pooled sera,6,Metabolomics,LC-MS,MA,,4/5/18,4/5/18
102.100.100.50777,Main dataset,Klebsiella pneumoniae,04153260899A,,Pooled sera,5,Metabolomics,LC-MS,MA,,4/5/18,4/5/18
102.100.100.50776,Main dataset,Klebsiella pneumoniae,04153260899A,,Pooled sera,4,Metabolomics,LC-MS,MA,,4/5/18,4/5/18
102.100.100.50775,Main dataset,Klebsiella pneumoniae,04153260899A,,Pooled sera,3,Metabolomics,LC-MS,MA,,4/5/18,4/5/18
102.100.100.50774,Main dataset,Klebsiella pneumoniae,04153260899A,,Pooled sera,2,Metabolomics,LC-MS,MA,,4/5/18,4/5/18
102.100.100.50773,Main dataset,Klebsiella pneumoniae,04153260899A,,Pooled sera,1,Metabolomics,LC-MS,MA,,4/5/18,4/5/18
102.100.100.50772,Main dataset,Klebsiella pneumoniae,04153260899A,,RPMI,6,Metabolomics,LC-MS,MA,,4/5/18,4/5/18
102.100.100.50771,Main dataset,Klebsiella pneumoniae,04153260899A,,RPMI,5,Metabolomics,LC-MS,MA,,4/5/18,4/5/18
102.100.100.50770,Main dataset,Klebsiella pneumoniae,04153260899A,,RPMI,4,Metabolomics,LC-MS,MA,,4/5/18,4/5/18
102.100.100.50769,Main dataset,Klebsiella pneumoniae,04153260899A,,RPMI,3,Metabolomics,LC-MS,MA,,4/5/18,4/5/18
102.100.100.50768,Main dataset,Klebsiella pneumoniae,04153260899A,,RPMI,2,Metabolomics,LC-MS,MA,,4/5/18,4/5/18
102.100.100.50767,Main dataset,Klebsiella pneumoniae,04153260899A,,RPMI,1,Metabolomics,LC-MS,MA,,4/5/18,4/5/18
102.100.100.50766,Main dataset,Klebsiella pneumoniae,03-311-0071,,Pooled sera,6,Metabolomics,LC-MS,MA,,4/5/18,4/5/18
102.100.100.50765,Main dataset,Klebsiella pneumoniae,03-311-0071,,Pooled sera,5,Metabolomics,LC-MS,MA,,4/5/18,4/5/18
102.100.100.50764,Main dataset,Klebsiella pneumoniae,03-311-0071,,Pooled sera,4,Metabolomics,LC-MS,MA,,4/5/18,4/5/18
102.100.100.50763,Main dataset,Klebsiella pneumoniae,03-311-0071,,Pooled sera,3,Metabolomics,LC-MS,MA,,4/5/18,4/5/18
102.100.100.50762,Main dataset,Klebsiella pneumoniae,03-311-0071,,Pooled sera,2,Metabolomics,LC-MS,MA,,4/5/18,4/5/18
102.100.100.50761,Main dataset,Klebsiella pneumoniae,03-311-0071,,Pooled sera,1,Metabolomics,LC-MS,MA,,4/5/18,4/5/18
102.100.100.50760,Main dataset,Klebsiella pneumoniae,03-311-0071,,RPMI,6,Metabolomics,LC-MS,MA,,4/5/18,4/5/18
102.100.100.50759,Main dataset,Klebsiella pneumoniae,03-311-0071,,RPMI,5,Metabolomics,LC-MS,MA,,4/5/18,4/5/18
102.100.100.50758,Main dataset,Klebsiella pneumoniae,03-311-0071,,RPMI,4,Metabolomics,LC-MS,MA,,4/5/18,4/5/18
102.100.100.50757,Main dataset,Klebsiella pneumoniae,03-311-0071,,RPMI,3,Metabolomics,LC-MS,MA,,4/5/18,4/5/18
102.100.100.50756,Main dataset,Klebsiella pneumoniae,03-311-0071,,RPMI,2,Metabolomics,LC-MS,MA,,4/5/18,4/5/18
102.100.100.50755,Main dataset,Klebsiella pneumoniae,03-311-0071,,RPMI,1,Metabolomics,LC-MS,MA,,4/5/18,4/5/18
102.100.100.50754,Main dataset,Klebsiella pneumoniae,KPC2,ethics embargo,Pooled sera,6,Metabolomics,LC-MS,MA,,4/5/18,4/5/18
102.100.100.50753,Main dataset,Klebsiella pneumoniae,KPC2,ethics embargo,Pooled sera,5,Metabolomics,LC-MS,MA,,4/5/18,4/5/18
102.100.100.50752,Main dataset,Klebsiella pneumoniae,KPC2,ethics embargo,Pooled sera,4,Metabolomics,LC-MS,MA,,4/5/18,4/5/18
102.100.100.50751,Main dataset,Klebsiella pneumoniae,KPC2,ethics embargo,Pooled sera,3,Metabolomics,LC-MS,MA,,4/5/18,4/5/18
102.100.100.50750,Main dataset,Klebsiella pneumoniae,KPC2,ethics embargo,Pooled sera,2,Metabolomics,LC-MS,MA,,4/5/18,4/5/18
102.100.100.50749,Main dataset,Klebsiella pneumoniae,KPC2,ethics embargo,Pooled sera,1,Metabolomics,LC-MS,MA,,4/5/18,4/5/18
102.100.100.50748,Main dataset,Klebsiella pneumoniae,KPC2,ethics embargo,RPMI,6,Metabolomics,LC-MS,MA,,4/5/18,4/5/18
102.100.100.50747,Main dataset,Klebsiella pneumoniae,KPC2,ethics embargo,RPMI,5,Metabolomics,LC-MS,MA,,4/5/18,4/5/18
102.100.100.50746,Main dataset,Klebsiella pneumoniae,KPC2,ethics embargo,RPMI,4,Metabolomics,LC-MS,MA,,4/5/18,4/5/18
102.100.100.50745,Main dataset,Klebsiella pneumoniae,KPC2,ethics embargo,RPMI,3,Metabolomics,LC-MS,MA,,4/5/18,4/5/18
102.100.100.50744,Main dataset,Klebsiella pneumoniae,KPC2,ethics embargo,RPMI,2,Metabolomics,LC-MS,MA,,4/5/18,4/5/18
102.100.100.50743,Main dataset,Klebsiella pneumoniae,KPC2,ethics embargo,RPMI,1,Metabolomics,LC-MS,MA,,4/5/18,4/5/18
102.100.100.50742,Main dataset,Klebsiella pneumoniae,AJ292,K61,Pooled sera,6,Metabolomics,LC-MS,MA,,4/5/18,4/5/18
102.100.100.50741,Main dataset,Klebsiella pneumoniae,AJ292,K61,Pooled sera,5,Metabolomics,LC-MS,MA,,4/5/18,4/5/18
102.100.100.50740,Main dataset,Klebsiella pneumoniae,AJ292,K61,Pooled sera,4,Metabolomics,LC-MS,MA,,4/5/18,4/5/18
102.100.100.50739,Main dataset,Klebsiella pneumoniae,AJ292,K61,Pooled sera,3,Metabolomics,LC-MS,MA,,4/5/18,4/5/18
102.100.100.50738,Main dataset,Klebsiella pneumoniae,AJ292,K61,Pooled sera,2,Metabolomics,LC-MS,MA,,4/5/18,4/5/18
102.100.100.50737,Main dataset,Klebsiella pneumoniae,AJ292,K61,Pooled sera,1,Metabolomics,LC-MS,MA,,4/5/18,4/5/18
102.100.100.50736,Main dataset,Klebsiella pneumoniae,AJ292,K61,RPMI,6,Metabolomics,LC-MS,MA,,4/5/18,4/5/18
102.100.100.50735,Main dataset,Klebsiella pneumoniae,AJ292,K61,RPMI,5,Metabolomics,LC-MS,MA,,4/5/18,4/5/18
102.100.100.50734,Main dataset,Klebsiella pneumoniae,AJ292,K61,RPMI,4,Metabolomics,LC-MS,MA,,4/5/18,4/5/18
102.100.100.50733,Main dataset,Klebsiella pneumoniae,AJ292,K61,RPMI,3,Metabolomics,LC-MS,MA,,4/5/18,4/5/18
102.100.100.50732,Main dataset,Klebsiella pneumoniae,AJ292,K61,RPMI,2,Metabolomics,LC-MS,MA,,4/5/18,4/5/18
102.100.100.50731,Main dataset,Klebsiella pneumoniae,AJ292,K61,RPMI,1,Metabolomics,LC-MS,MA,,4/5/18,4/5/18
102.100.100.50730,Main dataset,Klebsiella pneumoniae,AJ218,K54,Pooled sera,6,Metabolomics,LC-MS,MA,,4/5/18,4/5/18
102.100.100.50729,Main dataset,Klebsiella pneumoniae,AJ218,K54,Pooled sera,5,Metabolomics,LC-MS,MA,,4/5/18,4/5/18
102.100.100.50728,Main dataset,Klebsiella pneumoniae,AJ218,K54,Pooled sera,4,Metabolomics,LC-MS,MA,,4/5/18,4/5/18
102.100.100.50727,Main dataset,Klebsiella pneumoniae,AJ218,K54,Pooled sera,3,Metabolomics,LC-MS,MA,,4/5/18,4/5/18
102.100.100.50726,Main dataset,Klebsiella pneumoniae,AJ218,K54,Pooled sera,2,Metabolomics,LC-MS,MA,,4/5/18,4/5/18
102.100.100.50725,Main dataset,Klebsiella pneumoniae,AJ218,K54,Pooled sera,1,Metabolomics,LC-MS,MA,,4/5/18,4/5/18
102.100.100.50724,Main dataset,Klebsiella pneumoniae,AJ218,K54,RPMI,6,Metabolomics,LC-MS,MA,,4/5/18,4/5/18
102.100.100.50723,Main dataset,Klebsiella pneumoniae,AJ218,K54,RPMI,5,Metabolomics,LC-MS,MA,,4/5/18,4/5/18
102.100.100.50722,Main dataset,Klebsiella pneumoniae,AJ218,K54,RPMI,4,Metabolomics,LC-MS,MA,,4/5/18,4/5/18
102.100.100.50721,Main dataset,Klebsiella pneumoniae,AJ218,K54,RPMI,3,Metabolomics,LC-MS,MA,,4/5/18,4/5/18
102.100.100.50720,Main dataset,Klebsiella pneumoniae,AJ218,K54,RPMI,2,Metabolomics,LC-MS,MA,,4/5/18,4/5/18
102.100.100.50719,Main dataset,Klebsiella pneumoniae,AJ218,K54,RPMI,1,Metabolomics,LC-MS,MA,,4/5/18,4/5/18
102.100.100.50718,Main dataset,Klebsiella pneumoniae,AJ055,K0,Pooled sera,6,Metabolomics,LC-MS,MA,,4/5/18,4/5/18
102.100.100.50717,Main dataset,Klebsiella pneumoniae,AJ055,K0,Pooled sera,5,Metabolomics,LC-MS,MA,,4/5/18,4/5/18
102.100.100.50716,Main dataset,Klebsiella pneumoniae,AJ055,K0,Pooled sera,4,Metabolomics,LC-MS,MA,,4/5/18,4/5/18
102.100.100.50715,Main dataset,Klebsiella pneumoniae,AJ055,K0,Pooled sera,3,Metabolomics,LC-MS,MA,,4/5/18,4/5/18
102.100.100.50714,Main dataset,Klebsiella pneumoniae,AJ055,K0,Pooled sera,2,Metabolomics,LC-MS,MA,,4/5/18,4/5/18
102.100.100.50713,Main dataset,Klebsiella pneumoniae,AJ055,K0,Pooled sera,1,Metabolomics,LC-MS,MA,,4/5/18,4/5/18
102.100.100.50712,Main dataset,Klebsiella pneumoniae,AJ055,K0,RPMI,6,Metabolomics,LC-MS,MA,,4/5/18,4/5/18
102.100.100.50711,Main dataset,Klebsiella pneumoniae,AJ055,K0,RPMI,5,Metabolomics,LC-MS,MA,,4/5/18,4/5/18
102.100.100.50710,Main dataset,Klebsiella pneumoniae,AJ055,K0,RPMI,4,Metabolomics,LC-MS,MA,,4/5/18,4/5/18
102.100.100.50709,Main dataset,Klebsiella pneumoniae,AJ055,K0,RPMI,3,Metabolomics,LC-MS,MA,,4/5/18,4/5/18
102.100.100.50708,Main dataset,Klebsiella pneumoniae,AJ055,K0,RPMI,2,Metabolomics,LC-MS,MA,,4/5/18,4/5/18
102.100.100.50707,Main dataset,Klebsiella pneumoniae,AJ055,K0,RPMI,1,Metabolomics,LC-MS,MA,,4/5/18,4/5/18
102.100.100.51241,Main dataset,Streptococcus pyogenes,PS006,M28,Pooled sera,6,Metabolomics,LC-MS,MA,,5/4/18,5/4/18
102.100.100.51240,Main dataset,Streptococcus pyogenes,PS006,M28,Pooled sera,5,Metabolomics,LC-MS,MA,,5/4/18,5/4/18
102.100.100.51239,Main dataset,Streptococcus pyogenes,PS006,M28,Pooled sera,4,Metabolomics,LC-MS,MA,,5/4/18,5/4/18
102.100.100.51238,Main dataset,Streptococcus pyogenes,PS006,M28,Pooled sera,3,Metabolomics,LC-MS,MA,,5/4/18,5/4/18
102.100.100.51237,Main dataset,Streptococcus pyogenes,PS006,M28,Pooled sera,2,Metabolomics,LC-MS,MA,,5/4/18,5/4/18
102.100.100.51236,Main dataset,Streptococcus pyogenes,PS006,M28,Pooled sera,1,Metabolomics,LC-MS,MA,,5/4/18,5/4/18
102.100.100.51235,Main dataset,Streptococcus pyogenes,PS006,M28,RPMI_modified,6,Metabolomics,LC-MS,MA,,5/4/18,5/4/18
102.100.100.51234,Main dataset,Streptococcus pyogenes,PS006,M28,RPMI_modified,5,Metabolomics,LC-MS,MA,,5/4/18,5/4/18
102.100.100.51233,Main dataset,Streptococcus pyogenes,PS006,M28,RPMI_modified,4,Metabolomics,LC-MS,MA,,5/4/18,5/4/18
102.100.100.51232,Main dataset,Streptococcus pyogenes,PS006,M28,RPMI_modified,3,Metabolomics,LC-MS,MA,,5/4/18,5/4/18
102.100.100.51231,Main dataset,Streptococcus pyogenes,PS006,M28,RPMI_modified,2,Metabolomics,LC-MS,MA,,5/4/18,5/4/18
102.100.100.51230,Main dataset,Streptococcus pyogenes,PS006,M28,RPMI_modified,1,Metabolomics,LC-MS,MA,,5/4/18,5/4/18
102.100.100.51229,Main dataset,Streptococcus pyogenes,PS003,"M77, unusual M type associated with peurperal sepsis",Pooled sera,6,Metabolomics,LC-MS,MA,,5/4/18,5/4/18
102.100.100.51228,Main dataset,Streptococcus pyogenes,PS003,"M77, unusual M type associated with peurperal sepsis",Pooled sera,5,Metabolomics,LC-MS,MA,,5/4/18,5/4/18
102.100.100.51227,Main dataset,Streptococcus pyogenes,PS003,"M77, unusual M type associated with peurperal sepsis",Pooled sera,4,Metabolomics,LC-MS,MA,,5/4/18,5/4/18
102.100.100.51226,Main dataset,Streptococcus pyogenes,PS003,"M77, unusual M type associated with peurperal sepsis",Pooled sera,3,Metabolomics,LC-MS,MA,,5/4/18,5/4/18
102.100.100.51225,Main dataset,Streptococcus pyogenes,PS003,"M77, unusual M type associated with peurperal sepsis",Pooled sera,2,Metabolomics,LC-MS,MA,,5/4/18,5/4/18
102.100.100.51224,Main dataset,Streptococcus pyogenes,PS003,"M77, unusual M type associated with peurperal sepsis",Pooled sera,1,Metabolomics,LC-MS,MA,,5/4/18,5/4/18
102.100.100.51223,Main dataset,Streptococcus pyogenes,PS003,"M77, unusual M type associated with peurperal sepsis",RPMI_modified,6,Metabolomics,LC-MS,MA,,5/4/18,5/4/18
102.100.100.51222,Main dataset,Streptococcus pyogenes,PS003,"M77, unusual M type associated with peurperal sepsis",RPMI_modified,5,Metabolomics,LC-MS,MA,,5/4/18,5/4/18
102.100.100.51221,Main dataset,Streptococcus pyogenes,PS003,"M77, unusual M type associated with peurperal sepsis",RPMI_modified,4,Metabolomics,LC-MS,MA,,5/4/18,5/4/18
102.100.100.51220,Main dataset,Streptococcus pyogenes,PS003,"M77, unusual M type associated with peurperal sepsis",RPMI_modified,3,Metabolomics,LC-MS,MA,,5/4/18,5/4/18
102.100.100.51219,Main dataset,Streptococcus pyogenes,PS003,"M77, unusual M type associated with peurperal sepsis",RPMI_modified,2,Metabolomics,LC-MS,MA,,5/4/18,5/4/18
102.100.100.51218,Main dataset,Streptococcus pyogenes,PS003,"M77, unusual M type associated with peurperal sepsis",RPMI_modified,1,Metabolomics,LC-MS,MA,,5/4/18,5/4/18
102.100.100.51217,Main dataset,Streptococcus pyogenes,HKU419,M1T1 clone,Pooled sera,6,Metabolomics,LC-MS,MA,,5/4/18,5/4/18
102.100.100.51216,Main dataset,Streptococcus pyogenes,HKU419,M1T1 clone,Pooled sera,5,Metabolomics,LC-MS,MA,,5/4/18,5/4/18
102.100.100.51215,Main dataset,Streptococcus pyogenes,HKU419,M1T1 clone,Pooled sera,4,Metabolomics,LC-MS,MA,,5/4/18,5/4/18
102.100.100.51214,Main dataset,Streptococcus pyogenes,HKU419,M1T1 clone,Pooled sera,3,Metabolomics,LC-MS,MA,,5/4/18,5/4/18
102.100.100.51213,Main dataset,Streptococcus pyogenes,HKU419,M1T1 clone,Pooled sera,2,Metabolomics,LC-MS,MA,,5/4/18,5/4/18
102.100.100.51212,Main dataset,Streptococcus pyogenes,HKU419,M1T1 clone,Pooled sera,1,Metabolomics,LC-MS,MA,,5/4/18,5/4/18
102.100.100.51211,Main dataset,Streptococcus pyogenes,HKU419,M1T1 clone,RPMI_modified,6,Metabolomics,LC-MS,MA,,5/4/18,5/4/18
102.100.100.51210,Main dataset,Streptococcus pyogenes,HKU419,M1T1 clone,RPMI_modified,5,Metabolomics,LC-MS,MA,,5/4/18,5/4/18
102.100.100.51209,Main dataset,Streptococcus pyogenes,HKU419,M1T1 clone,RPMI_modified,4,Metabolomics,LC-MS,MA,,5/4/18,5/4/18
102.100.100.51208,Main dataset,Streptococcus pyogenes,HKU419,M1T1 clone,RPMI_modified,3,Metabolomics,LC-MS,MA,,5/4/18,5/4/18
102.100.100.51207,Main dataset,Streptococcus pyogenes,HKU419,M1T1 clone,RPMI_modified,2,Metabolomics,LC-MS,MA,,5/4/18,5/4/18
102.100.100.51206,Main dataset,Streptococcus pyogenes,HKU419,M1T1 clone,RPMI_modified,1,Metabolomics,LC-MS,MA,,5/4/18,5/4/18
102.100.100.51205,Main dataset,Streptococcus pyogenes,SP444,M4,Pooled sera,6,Metabolomics,LC-MS,MA,,5/4/18,5/4/18
102.100.100.51204,Main dataset,Streptococcus pyogenes,SP444,M4,Pooled sera,5,Metabolomics,LC-MS,MA,,5/4/18,5/4/18
102.100.100.51203,Main dataset,Streptococcus pyogenes,SP444,M4,Pooled sera,4,Metabolomics,LC-MS,MA,,5/4/18,5/4/18
102.100.100.51202,Main dataset,Streptococcus pyogenes,SP444,M4,Pooled sera,3,Metabolomics,LC-MS,MA,,5/4/18,5/4/18
102.100.100.51201,Main dataset,Streptococcus pyogenes,SP444,M4,Pooled sera,2,Metabolomics,LC-MS,MA,,5/4/18,5/4/18
102.100.100.51200,Main dataset,Streptococcus pyogenes,SP444,M4,Pooled sera,1,Metabolomics,LC-MS,MA,,5/4/18,5/4/18
102.100.100.51199,Main dataset,Streptococcus pyogenes,SP444,M4,RPMI_modified,6,Metabolomics,LC-MS,MA,,5/4/18,5/4/18
102.100.100.51198,Main dataset,Streptococcus pyogenes,SP444,M4,RPMI_modified,5,Metabolomics,LC-MS,MA,,5/4/18,5/4/18
102.100.100.51197,Main dataset,Streptococcus pyogenes,SP444,M4,RPMI_modified,4,Metabolomics,LC-MS,MA,,5/4/18,5/4/18
102.100.100.51196,Main dataset,Streptococcus pyogenes,SP444,M4,RPMI_modified,3,Metabolomics,LC-MS,MA,,5/4/18,5/4/18
102.100.100.51195,Main dataset,Streptococcus pyogenes,SP444,M4,RPMI_modified,2,Metabolomics,LC-MS,MA,,5/4/18,5/4/18
102.100.100.51194,Main dataset,Streptococcus pyogenes,SP444,M4,RPMI_modified,1,Metabolomics,LC-MS,MA,,5/4/18,5/4/18
102.100.100.51193,Main dataset,Streptococcus pyogenes,5448,M1T1 clone,Pooled sera,6,Metabolomics,LC-MS,MA,,5/4/18,5/4/18
102.100.100.51192,Main dataset,Streptococcus pyogenes,5448,M1T1 clone,Pooled sera,5,Metabolomics,LC-MS,MA,,5/4/18,5/4/18
102.100.100.51191,Main dataset,Streptococcus pyogenes,5448,M1T1 clone,Pooled sera,4,Metabolomics,LC-MS,MA,,5/4/18,5/4/18
102.100.100.51190,Main dataset,Streptococcus pyogenes,5448,M1T1 clone,Pooled sera,3,Metabolomics,LC-MS,MA,,5/4/18,5/4/18
102.100.100.51189,Main dataset,Streptococcus pyogenes,5448,M1T1 clone,Pooled sera,2,Metabolomics,LC-MS,MA,,5/4/18,5/4/18
102.100.100.51188,Main dataset,Streptococcus pyogenes,5448,M1T1 clone,Pooled sera,1,Metabolomics,LC-MS,MA,,5/4/18,5/4/18
102.100.100.51187,Main dataset,Streptococcus pyogenes,5448,M1T1 clone,RPMI_modified,6,Metabolomics,LC-MS,MA,,5/4/18,5/4/18
102.100.100.51186,Main dataset,Streptococcus pyogenes,5448,M1T1 clone,RPMI_modified,5,Metabolomics,LC-MS,MA,,5/4/18,5/4/18
102.100.100.51185,Main dataset,Streptococcus pyogenes,5448,M1T1 clone,RPMI_modified,4,Metabolomics,LC-MS,MA,,5/4/18,5/4/18
102.100.100.51184,Main dataset,Streptococcus pyogenes,5448,M1T1 clone,RPMI_modified,3,Metabolomics,LC-MS,MA,,5/4/18,5/4/18
102.100.100.51183,Main dataset,Streptococcus pyogenes,5448,M1T1 clone,RPMI_modified,2,Metabolomics,LC-MS,MA,,5/4/18,5/4/18
102.100.100.51182,Main dataset,Streptococcus pyogenes,5448,M1T1 clone,RPMI_modified,1,Metabolomics,LC-MS,MA,,5/4/18,5/4/18
102.100.100.50972,Main dataset,Escherichia coli,MS14387,,Pooled sera,6,Metabolomics,LC-MS,MA,,14/11/17,13/11/17
102.100.100.50971,Main dataset,Escherichia coli,MS14387,,Pooled sera,5,Metabolomics,LC-MS,MA,,14/11/17,13/11/17
102.100.100.50970,Main dataset,Escherichia coli,MS14387,,Pooled sera,4,Metabolomics,LC-MS,MA,,14/11/17,13/11/17
102.100.100.50969,Main dataset,Escherichia coli,MS14387,,Pooled sera,3,Metabolomics,LC-MS,MA,,14/11/17,13/11/17
102.100.100.50968,Main dataset,Escherichia coli,MS14387,,Pooled sera,2,Metabolomics,LC-MS,MA,,14/11/17,13/11/17
102.100.100.50967,Main dataset,Escherichia coli,MS14387,,Pooled sera,1,Metabolomics,LC-MS,MA,,14/11/17,13/11/17
102.100.100.50966,Main dataset,Escherichia coli,MS14387,,RPMI,6,Metabolomics,LC-MS,MA,,14/11/17,13/11/17
102.100.100.50965,Main dataset,Escherichia coli,MS14387,,RPMI,5,Metabolomics,LC-MS,MA,,14/11/17,13/11/17
102.100.100.50964,Main dataset,Escherichia coli,MS14387,,RPMI,4,Metabolomics,LC-MS,MA,,14/11/17,13/11/17
102.100.100.50963,Main dataset,Escherichia coli,MS14387,,RPMI,3,Metabolomics,LC-MS,MA,,14/11/17,13/11/17
102.100.100.50962,Main dataset,Escherichia coli,MS14387,,RPMI,2,Metabolomics,LC-MS,MA,,14/11/17,13/11/17
102.100.100.50961,Main dataset,Escherichia coli,MS14387,,RPMI,1,Metabolomics,LC-MS,MA,,14/11/17,13/11/17
102.100.100.50960,Main dataset,Escherichia coli,MS14386,,Pooled sera,6,Metabolomics,LC-MS,MA,,14/11/17,13/11/17
102.100.100.50959,Main dataset,Escherichia coli,MS14386,,Pooled sera,5,Metabolomics,LC-MS,MA,,14/11/17,13/11/17
102.100.100.50958,Main dataset,Escherichia coli,MS14386,,Pooled sera,4,Metabolomics,LC-MS,MA,,14/11/17,13/11/17
102.100.100.50957,Main dataset,Escherichia coli,MS14386,,Pooled sera,3,Metabolomics,LC-MS,MA,,14/11/17,13/11/17
102.100.100.50956,Main dataset,Escherichia coli,MS14386,,Pooled sera,2,Metabolomics,LC-MS,MA,,14/11/17,13/11/17
102.100.100.50955,Main dataset,Escherichia coli,MS14386,,Pooled sera,1,Metabolomics,LC-MS,MA,,14/11/17,13/11/17
102.100.100.50954,Main dataset,Escherichia coli,MS14386,,RPMI,6,Metabolomics,LC-MS,MA,,14/11/17,13/11/17
102.100.100.50953,Main dataset,Escherichia coli,MS14386,,RPMI,5,Metabolomics,LC-MS,MA,,14/11/17,13/11/17
102.100.100.50952,Main dataset,Escherichia coli,MS14386,,RPMI,4,Metabolomics,LC-MS,MA,,14/11/17,13/11/17
102.100.100.50951,Main dataset,Escherichia coli,MS14386,,RPMI,3,Metabolomics,LC-MS,MA,,14/11/17,13/11/17
102.100.100.50950,Main dataset,Escherichia coli,MS14386,,RPMI,2,Metabolomics,LC-MS,MA,,14/11/17,13/11/17
102.100.100.50949,Main dataset,Escherichia coli,MS14386,,RPMI,1,Metabolomics,LC-MS,MA,,14/11/17,13/11/17
102.100.100.50948,Main dataset,Escherichia coli,MS14385,,Pooled sera,6,Metabolomics,LC-MS,MA,,14/11/17,13/11/17
102.100.100.50947,Main dataset,Escherichia coli,MS14385,,Pooled sera,5,Metabolomics,LC-MS,MA,,14/11/17,13/11/17
102.100.100.50946,Main dataset,Escherichia coli,MS14385,,Pooled sera,4,Metabolomics,LC-MS,MA,,14/11/17,13/11/17
102.100.100.50945,Main dataset,Escherichia coli,MS14385,,Pooled sera,3,Metabolomics,LC-MS,MA,,14/11/17,13/11/17
102.100.100.50944,Main dataset,Escherichia coli,MS14385,,Pooled sera,2,Metabolomics,LC-MS,MA,,14/11/17,13/11/17
102.100.100.50943,Main dataset,Escherichia coli,MS14385,,Pooled sera,1,Metabolomics,LC-MS,MA,,14/11/17,13/11/17
102.100.100.50942,Main dataset,Escherichia coli,MS14385,,RPMI,6,Metabolomics,LC-MS,MA,,14/11/17,13/11/17
102.100.100.50941,Main dataset,Escherichia coli,MS14385,,RPMI,5,Metabolomics,LC-MS,MA,,14/11/17,13/11/17
102.100.100.50940,Main dataset,Escherichia coli,MS14385,,RPMI,4,Metabolomics,LC-MS,MA,,14/11/17,13/11/17
102.100.100.50939,Main dataset,Escherichia coli,MS14385,,RPMI,3,Metabolomics,LC-MS,MA,,14/11/17,13/11/17
102.100.100.50938,Main dataset,Escherichia coli,MS14385,,RPMI,2,Metabolomics,LC-MS,MA,,14/11/17,13/11/17
102.100.100.50937,Main dataset,Escherichia coli,MS14385,,RPMI,1,Metabolomics,LC-MS,MA,,14/11/17,13/11/17
102.100.100.50936,Main dataset,Escherichia coli,MS14384,,Pooled sera,6,Metabolomics,LC-MS,MA,,14/11/17,13/11/17
102.100.100.50935,Main dataset,Escherichia coli,MS14384,,Pooled sera,5,Metabolomics,LC-MS,MA,,14/11/17,13/11/17
102.100.100.50934,Main dataset,Escherichia coli,MS14384,,Pooled sera,4,Metabolomics,LC-MS,MA,,14/11/17,13/11/17
102.100.100.50933,Main dataset,Escherichia coli,MS14384,,Pooled sera,3,Metabolomics,LC-MS,MA,,14/11/17,13/11/17
102.100.100.50932,Main dataset,Escherichia coli,MS14384,,Pooled sera,2,Metabolomics,LC-MS,MA,,14/11/17,13/11/17
102.100.100.50931,Main dataset,Escherichia coli,MS14384,,Pooled sera,1,Metabolomics,LC-MS,MA,,14/11/17,13/11/17
102.100.100.50930,Main dataset,Escherichia coli,MS14384,,RPMI,6,Metabolomics,LC-MS,MA,,14/11/17,13/11/17
102.100.100.50929,Main dataset,Escherichia coli,MS14384,,RPMI,5,Metabolomics,LC-MS,MA,,14/11/17,13/11/17
102.100.100.50928,Main dataset,Escherichia coli,MS14384,,RPMI,4,Metabolomics,LC-MS,MA,,14/11/17,13/11/17
102.100.100.50927,Main dataset,Escherichia coli,MS14384,,RPMI,3,Metabolomics,LC-MS,MA,,14/11/17,13/11/17
102.100.100.50926,Main dataset,Escherichia coli,MS14384,,RPMI,2,Metabolomics,LC-MS,MA,,14/11/17,13/11/17
102.100.100.50925,Main dataset,Escherichia coli,MS14384,,RPMI,1,Metabolomics,LC-MS,MA,,14/11/17,13/11/17
102.100.100.50924,Main dataset,Escherichia coli,B36,,Pooled sera,6,Metabolomics,LC-MS,MA,,14/11/17,13/11/17
102.100.100.50923,Main dataset,Escherichia coli,B36,,Pooled sera,5,Metabolomics,LC-MS,MA,,14/11/17,13/11/17
102.100.100.50922,Main dataset,Escherichia coli,B36,,Pooled sera,4,Metabolomics,LC-MS,MA,,14/11/17,13/11/17
102.100.100.50921,Main dataset,Escherichia coli,B36,,Pooled sera,3,Metabolomics,LC-MS,MA,,14/11/17,13/11/17
102.100.100.50920,Main dataset,Escherichia coli,B36,,Pooled sera,2,Metabolomics,LC-MS,MA,,14/11/17,13/11/17
102.100.100.50919,Main dataset,Escherichia coli,B36,,Pooled sera,1,Metabolomics,LC-MS,MA,,14/11/17,13/11/17
102.100.100.50918,Main dataset,Escherichia coli,B36,,RPMI,6,Metabolomics,LC-MS,MA,,14/11/17,13/11/17
102.100.100.50917,Main dataset,Escherichia coli,B36,,RPMI,5,Metabolomics,LC-MS,MA,,14/11/17,13/11/17
102.100.100.50916,Main dataset,Escherichia coli,B36,,RPMI,4,Metabolomics,LC-MS,MA,,14/11/17,13/11/17
102.100.100.50915,Main dataset,Escherichia coli,B36,,RPMI,3,Metabolomics,LC-MS,MA,,14/11/17,13/11/17
102.100.100.50914,Main dataset,Escherichia coli,B36,,RPMI,2,Metabolomics,LC-MS,MA,,14/11/17,13/11/17
102.100.100.50913,Main dataset,Escherichia coli,B36,,RPMI,1,Metabolomics,LC-MS,MA,,14/11/17,13/11/17
102.100.100.50264,Main dataset,Streptococcus pneumoniae,4496,1,RPMI + galactose,6,Metabolomics,LC-MS ,MA,,31/10/17,31/10/17
102.100.100.50263,Main dataset,Streptococcus pneumoniae,4496,1,RPMI + glucose,6,Metabolomics,LC-MS ,MA,,31/10/17,31/10/17
102.100.100.50262,Main dataset,Streptococcus pneumoniae,4496,1,Pooled sera,6,Metabolomics,LC-MS ,MA,,31/10/17,31/10/17
102.100.100.50261,Main dataset,Streptococcus pneumoniae,180/15,3,RPMI + galactose,6,Metabolomics,LC-MS ,MA,,31/10/17,31/10/17
102.100.100.50260,Main dataset,Streptococcus pneumoniae,180/15,3,RPMI + glucose,6,Metabolomics,LC-MS ,MA,,31/10/17,31/10/17
102.100.100.50259,Main dataset,Streptococcus pneumoniae,180/15,3,Pooled sera,6,Metabolomics,LC-MS ,MA,,31/10/17,31/10/17
102.100.100.50258,Main dataset,Streptococcus pneumoniae,180/2,3,RPMI + galactose,6,Metabolomics,LC-MS ,MA,,31/10/17,31/10/17
102.100.100.50257,Main dataset,Streptococcus pneumoniae,180/2,3,RPMI + glucose,6,Metabolomics,LC-MS ,MA,,31/10/17,31/10/17
102.100.100.50256,Main dataset,Streptococcus pneumoniae,180/2,3,Pooled sera,6,Metabolomics,LC-MS ,MA,,31/10/17,31/10/17
102.100.100.50255,Main dataset,Streptococcus pneumoniae,947,14,RPMI + galactose,6,Metabolomics,LC-MS ,MA,,31/10/17,31/10/17
102.100.100.50254,Main dataset,Streptococcus pneumoniae,947,14,RPMI + glucose,6,Metabolomics,LC-MS ,MA,,31/10/17,31/10/17
102.100.100.50253,Main dataset,Streptococcus pneumoniae,947,14,Pooled sera,6,Metabolomics,LC-MS ,MA,,31/10/17,31/10/17
102.100.100.50252,Main dataset,Streptococcus pneumoniae,4559,14,RPMI + galactose,6,Metabolomics,LC-MS ,MA,,31/10/17,31/10/17
102.100.100.50251,Main dataset,Streptococcus pneumoniae,4559,14,RPMI + glucose,6,Metabolomics,LC-MS ,MA,,31/10/17,31/10/17
102.100.100.50250,Main dataset,Streptococcus pneumoniae,4559,14,Pooled sera,6,Metabolomics,LC-MS ,MA,,31/10/17,31/10/17
102.100.100.50249,Main dataset,Streptococcus pneumoniae,4496,1,RPMI + galactose,5,Metabolomics,LC-MS ,MA,,31/10/17,31/10/17
102.100.100.50248,Main dataset,Streptococcus pneumoniae,4496,1,RPMI + glucose,5,Metabolomics,LC-MS ,MA,,31/10/17,31/10/17
102.100.100.50247,Main dataset,Streptococcus pneumoniae,4496,1,Pooled sera,5,Metabolomics,LC-MS ,MA,,31/10/17,31/10/17
102.100.100.50246,Main dataset,Streptococcus pneumoniae,180/15,3,RPMI + galactose,5,Metabolomics,LC-MS ,MA,,31/10/17,31/10/17
102.100.100.50245,Main dataset,Streptococcus pneumoniae,180/15,3,RPMI + glucose,5,Metabolomics,LC-MS ,MA,,31/10/17,31/10/17
102.100.100.50244,Main dataset,Streptococcus pneumoniae,180/15,3,Pooled sera,5,Metabolomics,LC-MS ,MA,,31/10/17,31/10/17
102.100.100.50243,Main dataset,Streptococcus pneumoniae,180/2,3,RPMI + galactose,5,Metabolomics,LC-MS ,MA,,31/10/17,31/10/17
102.100.100.50242,Main dataset,Streptococcus pneumoniae,180/2,3,RPMI + glucose,5,Metabolomics,LC-MS ,MA,,31/10/17,31/10/17
102.100.100.50241,Main dataset,Streptococcus pneumoniae,180/2,3,Pooled sera,5,Metabolomics,LC-MS ,MA,,31/10/17,31/10/17
102.100.100.50240,Main dataset,Streptococcus pneumoniae,947,14,RPMI + galactose,5,Metabolomics,LC-MS ,MA,,31/10/17,31/10/17
102.100.100.50239,Main dataset,Streptococcus pneumoniae,947,14,RPMI + glucose,5,Metabolomics,LC-MS ,MA,,31/10/17,31/10/17
102.100.100.50238,Main dataset,Streptococcus pneumoniae,947,14,Pooled sera,5,Metabolomics,LC-MS ,MA,,31/10/17,31/10/17
102.100.100.50237,Main dataset,Streptococcus pneumoniae,4559,14,RPMI + galactose,5,Metabolomics,LC-MS ,MA,,31/10/17,31/10/17
102.100.100.50236,Main dataset,Streptococcus pneumoniae,4559,14,RPMI + glucose,5,Metabolomics,LC-MS ,MA,,31/10/17,31/10/17
102.100.100.50235,Main dataset,Streptococcus pneumoniae,4559,14,Pooled sera,5,Metabolomics,LC-MS ,MA,,31/10/17,31/10/17
102.100.100.50234,Main dataset,Streptococcus pneumoniae,4496,1,RPMI + galactose,4,Metabolomics,LC-MS ,MA,,31/10/17,31/10/17
102.100.100.50233,Main dataset,Streptococcus pneumoniae,4496,1,RPMI + glucose,4,Metabolomics,LC-MS ,MA,,31/10/17,31/10/17
102.100.100.50232,Main dataset,Streptococcus pneumoniae,4496,1,Pooled sera,4,Metabolomics,LC-MS ,MA,,31/10/17,31/10/17
102.100.100.50231,Main dataset,Streptococcus pneumoniae,180/15,3,RPMI + galactose,4,Metabolomics,LC-MS ,MA,,31/10/17,31/10/17
102.100.100.50230,Main dataset,Streptococcus pneumoniae,180/15,3,RPMI + glucose,4,Metabolomics,LC-MS ,MA,,31/10/17,31/10/17
102.100.100.50229,Main dataset,Streptococcus pneumoniae,180/15,3,Pooled sera,4,Metabolomics,LC-MS ,MA,,31/10/17,31/10/17
102.100.100.50228,Main dataset,Streptococcus pneumoniae,180/2,3,RPMI + galactose,4,Metabolomics,LC-MS ,MA,,31/10/17,31/10/17
102.100.100.50227,Main dataset,Streptococcus pneumoniae,180/2,3,RPMI + glucose,4,Metabolomics,LC-MS ,MA,,31/10/17,31/10/17
102.100.100.50226,Main dataset,Streptococcus pneumoniae,180/2,3,Pooled sera,4,Metabolomics,LC-MS ,MA,,31/10/17,31/10/17
102.100.100.50225,Main dataset,Streptococcus pneumoniae,947,14,RPMI + galactose,4,Metabolomics,LC-MS ,MA,,31/10/17,31/10/17
102.100.100.50224,Main dataset,Streptococcus pneumoniae,947,14,RPMI + glucose,4,Metabolomics,LC-MS ,MA,,31/10/17,31/10/17
102.100.100.50223,Main dataset,Streptococcus pneumoniae,947,14,Pooled sera,4,Metabolomics,LC-MS ,MA,,31/10/17,31/10/17
102.100.100.50222,Main dataset,Streptococcus pneumoniae,4559,14,RPMI + galactose,4,Metabolomics,LC-MS ,MA,,31/10/17,31/10/17
102.100.100.50221,Main dataset,Streptococcus pneumoniae,4559,14,RPMI + glucose,4,Metabolomics,LC-MS ,MA,,31/10/17,31/10/17
102.100.100.50220,Main dataset,Streptococcus pneumoniae,4559,14,Pooled sera,4,Metabolomics,LC-MS ,MA,,31/10/17,31/10/17
102.100.100.50219,Main dataset,Streptococcus pneumoniae,4496,1,RPMI + galactose,3,Metabolomics,LC-MS ,MA,,31/10/17,31/10/17
102.100.100.50218,Main dataset,Streptococcus pneumoniae,4496,1,RPMI + glucose,3,Metabolomics,LC-MS ,MA,,31/10/17,31/10/17
102.100.100.50217,Main dataset,Streptococcus pneumoniae,4496,1,Pooled sera,3,Metabolomics,LC-MS ,MA,,31/10/17,31/10/17
102.100.100.50216,Main dataset,Streptococcus pneumoniae,180/15,3,RPMI + galactose,3,Metabolomics,LC-MS ,MA,,31/10/17,31/10/17
102.100.100.50215,Main dataset,Streptococcus pneumoniae,180/15,3,RPMI + glucose,3,Metabolomics,LC-MS ,MA,,31/10/17,31/10/17
102.100.100.50214,Main dataset,Streptococcus pneumoniae,180/15,3,Pooled sera,3,Metabolomics,LC-MS ,MA,,31/10/17,31/10/17
102.100.100.50213,Main dataset,Streptococcus pneumoniae,180/2,3,RPMI + galactose,3,Metabolomics,LC-MS ,MA,,31/10/17,31/10/17
102.100.100.50212,Main dataset,Streptococcus pneumoniae,180/2,3,RPMI + glucose,3,Metabolomics,LC-MS ,MA,,31/10/17,31/10/17
102.100.100.50211,Main dataset,Streptococcus pneumoniae,180/2,3,Pooled sera,3,Metabolomics,LC-MS ,MA,,31/10/17,31/10/17
102.100.100.50210,Main dataset,Streptococcus pneumoniae,947,14,RPMI + galactose,3,Metabolomics,LC-MS ,MA,,31/10/17,31/10/17
102.100.100.50209,Main dataset,Streptococcus pneumoniae,947,14,RPMI + glucose,3,Metabolomics,LC-MS ,MA,,31/10/17,31/10/17
102.100.100.50208,Main dataset,Streptococcus pneumoniae,947,14,Pooled sera,3,Metabolomics,LC-MS ,MA,,31/10/17,31/10/17
102.100.100.50207,Main dataset,Streptococcus pneumoniae,4559,14,RPMI + galactose,3,Metabolomics,LC-MS ,MA,,31/10/17,31/10/17
102.100.100.50206,Main dataset,Streptococcus pneumoniae,4559,14,RPMI + glucose,3,Metabolomics,LC-MS ,MA,,31/10/17,31/10/17
102.100.100.50205,Main dataset,Streptococcus pneumoniae,4559,14,Pooled sera,3,Metabolomics,LC-MS ,MA,,31/10/17,31/10/17
102.100.100.50204,Main dataset,Streptococcus pneumoniae,4496,1,RPMI + galactose,2,Metabolomics,LC-MS ,MA,,31/10/17,31/10/17
102.100.100.50203,Main dataset,Streptococcus pneumoniae,4496,1,RPMI + glucose,2,Metabolomics,LC-MS ,MA,,31/10/17,31/10/17
102.100.100.50202,Main dataset,Streptococcus pneumoniae,4496,1,Pooled sera,2,Metabolomics,LC-MS ,MA,,31/10/17,31/10/17
102.100.100.50201,Main dataset,Streptococcus pneumoniae,180/15,3,RPMI + galactose,2,Metabolomics,LC-MS ,MA,,31/10/17,31/10/17
102.100.100.50200,Main dataset,Streptococcus pneumoniae,180/15,3,RPMI + glucose,2,Metabolomics,LC-MS ,MA,,31/10/17,31/10/17
102.100.100.50199,Main dataset,Streptococcus pneumoniae,180/15,3,Pooled sera,2,Metabolomics,LC-MS ,MA,,31/10/17,31/10/17
102.100.100.50198,Main dataset,Streptococcus pneumoniae,180/2,3,RPMI + galactose,2,Metabolomics,LC-MS ,MA,,31/10/17,31/10/17
102.100.100.50197,Main dataset,Streptococcus pneumoniae,180/2,3,RPMI + glucose,2,Metabolomics,LC-MS ,MA,,31/10/17,31/10/17
102.100.100.50196,Main dataset,Streptococcus pneumoniae,180/2,3,Pooled sera,2,Metabolomics,LC-MS ,MA,,31/10/17,31/10/17
102.100.100.50195,Main dataset,Streptococcus pneumoniae,947,14,RPMI + galactose,2,Metabolomics,LC-MS ,MA,,31/10/17,31/10/17
102.100.100.50194,Main dataset,Streptococcus pneumoniae,947,14,RPMI + glucose,2,Metabolomics,LC-MS ,MA,,31/10/17,31/10/17
102.100.100.50193,Main dataset,Streptococcus pneumoniae,947,14,Pooled sera,2,Metabolomics,LC-MS ,MA,,31/10/17,31/10/17
102.100.100.50192,Main dataset,Streptococcus pneumoniae,4559,14,RPMI + galactose,2,Metabolomics,LC-MS ,MA,,31/10/17,31/10/17
102.100.100.50191,Main dataset,Streptococcus pneumoniae,4559,14,RPMI + glucose,2,Metabolomics,LC-MS ,MA,,31/10/17,31/10/17
102.100.100.50190,Main dataset,Streptococcus pneumoniae,4559,14,Pooled sera,2,Metabolomics,LC-MS ,MA,,31/10/17,31/10/17
102.100.100.50189,Main dataset,Streptococcus pneumoniae,4496,1,RPMI + galactose,1,Metabolomics,LC-MS ,MA,,31/10/17,31/10/17
102.100.100.50188,Main dataset,Streptococcus pneumoniae,4496,1,RPMI + glucose,1,Metabolomics,LC-MS ,MA,,31/10/17,31/10/17
102.100.100.50187,Main dataset,Streptococcus pneumoniae,4496,1,Pooled sera,1,Metabolomics,LC-MS ,MA,,31/10/17,31/10/17
102.100.100.50186,Main dataset,Streptococcus pneumoniae,180/15,3,RPMI + galactose,1,Metabolomics,LC-MS ,MA,,31/10/17,31/10/17
102.100.100.50185,Main dataset,Streptococcus pneumoniae,180/15,3,RPMI + glucose,1,Metabolomics,LC-MS ,MA,,31/10/17,31/10/17
102.100.100.50184,Main dataset,Streptococcus pneumoniae,180/15,3,Pooled sera,1,Metabolomics,LC-MS ,MA,,31/10/17,31/10/17
102.100.100.50183,Main dataset,Streptococcus pneumoniae,180/2,3,RPMI + galactose,1,Metabolomics,LC-MS ,MA,,31/10/17,31/10/17
102.100.100.50182,Main dataset,Streptococcus pneumoniae,180/2,3,RPMI + glucose,1,Metabolomics,LC-MS ,MA,,31/10/17,31/10/17
102.100.100.50181,Main dataset,Streptococcus pneumoniae,180/2,3,Pooled sera,1,Metabolomics,LC-MS ,MA,,31/10/17,31/10/17
102.100.100.50180,Main dataset,Streptococcus pneumoniae,947,14,RPMI + galactose,1,Metabolomics,LC-MS ,MA,,31/10/17,31/10/17
102.100.100.50179,Main dataset,Streptococcus pneumoniae,947,14,RPMI + glucose,1,Metabolomics,LC-MS ,MA,,31/10/17,31/10/17
102.100.100.50178,Main dataset,Streptococcus pneumoniae,947,14,Pooled sera,1,Metabolomics,LC-MS ,MA,,31/10/17,31/10/17
102.100.100.50177,Main dataset,Streptococcus pneumoniae,4559,14,RPMI + galactose,1,Metabolomics,LC-MS ,MA,,31/10/17,31/10/17
102.100.100.50176,Main dataset,Streptococcus pneumoniae,4559,14,RPMI + glucose,1,Metabolomics,LC-MS ,MA,,31/10/17,31/10/17
102.100.100.50175,Main dataset,Streptococcus pneumoniae,4559,14,Pooled sera,1,Metabolomics,LC-MS ,MA,,31/10/17,31/10/17
102.100.100.50565,Main dataset,Staphylococcus aureus,BPH2986,,Pooled sera,6,Metabolomics,LC-MS,MA,,31/7/17,31/7/17
102.100.100.50564,Main dataset,Staphylococcus aureus,BPH2986,,Pooled sera,5,Metabolomics,LC-MS,MA,,31/7/17,31/7/17
102.100.100.50563,Main dataset,Staphylococcus aureus,BPH2986,,Pooled sera,4,Metabolomics,LC-MS,MA,,31/7/17,31/7/17
102.100.100.50562,Main dataset,Staphylococcus aureus,BPH2986,,Pooled sera,3,Metabolomics,LC-MS,MA,,31/7/17,31/7/17
102.100.100.50561,Main dataset,Staphylococcus aureus,BPH2986,,Pooled sera,2,Metabolomics,LC-MS,MA,,31/7/17,31/7/17
102.100.100.50631,Main dataset,Staphylococcus aureus,BPH2986,,Pooled sera,1,Metabolomics,LC-MS,MA,,31/7/17,31/7/17
102.100.100.50559,Main dataset,Staphylococcus aureus,BPH2986,,RPMI,6,Metabolomics,LC-MS,MA,,31/7/17,31/7/17
102.100.100.50558,Main dataset,Staphylococcus aureus,BPH2986,,RPMI,5,Metabolomics,LC-MS,MA,,31/7/17,31/7/17
102.100.100.50557,Main dataset,Staphylococcus aureus,BPH2986,,RPMI,4,Metabolomics,LC-MS,MA,,31/7/17,31/7/17
102.100.100.50556,Main dataset,Staphylococcus aureus,BPH2986,,RPMI,3,Metabolomics,LC-MS,MA,,31/7/17,31/7/17
102.100.100.50555,Main dataset,Staphylococcus aureus,BPH2986,,RPMI,2,Metabolomics,LC-MS,MA,,31/7/17,31/7/17
102.100.100.50554,Main dataset,Staphylococcus aureus,BPH2986,,RPMI,1,Metabolomics,LC-MS,MA,,31/7/17,31/7/17
102.100.100.50553,Main dataset,Staphylococcus aureus,BPH2947,,Pooled sera,6,Metabolomics,LC-MS,MA,,31/7/17,31/7/17
102.100.100.50552,Main dataset,Staphylococcus aureus,BPH2947,,Pooled sera,5,Metabolomics,LC-MS,MA,,31/7/17,31/7/17
102.100.100.50551,Main dataset,Staphylococcus aureus,BPH2947,,Pooled sera,4,Metabolomics,LC-MS,MA,,31/7/17,31/7/17
102.100.100.50550,Main dataset,Staphylococcus aureus,BPH2947,,Pooled sera,3,Metabolomics,LC-MS,MA,,31/7/17,31/7/17
102.100.100.50549,Main dataset,Staphylococcus aureus,BPH2947,,Pooled sera,2,Metabolomics,LC-MS,MA,,31/7/17,31/7/17
102.100.100.50630,Main dataset,Staphylococcus aureus,BPH2947,,Pooled sera,1,Metabolomics,LC-MS,MA,,31/7/17,31/7/17
102.100.100.50547,Main dataset,Staphylococcus aureus,BPH2947,,RPMI,6,Metabolomics,LC-MS,MA,,31/7/17,31/7/17
102.100.100.50546,Main dataset,Staphylococcus aureus,BPH2947,,RPMI,5,Metabolomics,LC-MS,MA,,31/7/17,31/7/17
102.100.100.50545,Main dataset,Staphylococcus aureus,BPH2947,,RPMI,4,Metabolomics,LC-MS,MA,,31/7/17,31/7/17
102.100.100.50544,Main dataset,Staphylococcus aureus,BPH2947,,RPMI,3,Metabolomics,LC-MS,MA,,31/7/17,31/7/17
102.100.100.50543,Main dataset,Staphylococcus aureus,BPH2947,,RPMI,2,Metabolomics,LC-MS,MA,,31/7/17,31/7/17
102.100.100.50542,Main dataset,Staphylococcus aureus,BPH2947,,RPMI,1,Metabolomics,LC-MS,MA,,31/7/17,31/7/17
102.100.100.50541,Main dataset,Staphylococcus aureus,BPH2900,,Pooled sera,6,Metabolomics,LC-MS,MA,,31/7/17,31/7/17
102.100.100.50540,Main dataset,Staphylococcus aureus,BPH2900,,Pooled sera,5,Metabolomics,LC-MS,MA,,31/7/17,31/7/17
102.100.100.50539,Main dataset,Staphylococcus aureus,BPH2900,,Pooled sera,4,Metabolomics,LC-MS,MA,,31/7/17,31/7/17
102.100.100.50538,Main dataset,Staphylococcus aureus,BPH2900,,Pooled sera,3,Metabolomics,LC-MS,MA,,31/7/17,31/7/17
102.100.100.50537,Main dataset,Staphylococcus aureus,BPH2900,,Pooled sera,2,Metabolomics,LC-MS,MA,,31/7/17,31/7/17
102.100.100.50536,Main dataset,Staphylococcus aureus,BPH2900,,Pooled sera,1,Metabolomics,LC-MS,MA,,31/7/17,31/7/17
102.100.100.50535,Main dataset,Staphylococcus aureus,BPH2900,,RPMI,6,Metabolomics,LC-MS,MA,,31/7/17,31/7/17
102.100.100.50534,Main dataset,Staphylococcus aureus,BPH2900,,RPMI,5,Metabolomics,LC-MS,MA,,31/7/17,31/7/17
102.100.100.50533,Main dataset,Staphylococcus aureus,BPH2900,,RPMI,4,Metabolomics,LC-MS,MA,,31/7/17,31/7/17
102.100.100.50532,Main dataset,Staphylococcus aureus,BPH2900,,RPMI,3,Metabolomics,LC-MS,MA,,31/7/17,31/7/17
102.100.100.50531,Main dataset,Staphylococcus aureus,BPH2900,,RPMI,2,Metabolomics,LC-MS,MA,,31/7/17,31/7/17
102.100.100.50530,Main dataset,Staphylococcus aureus,BPH2900,,RPMI,1,Metabolomics,LC-MS,MA,,31/7/17,31/7/17
102.100.100.50529,Main dataset,Staphylococcus aureus,BPH2819,,Pooled sera,6,Metabolomics,LC-MS,MA,,31/7/17,31/7/17
102.100.100.50528,Main dataset,Staphylococcus aureus,BPH2819,,Pooled sera,5,Metabolomics,LC-MS,MA,,31/7/17,31/7/17
102.100.100.50527,Main dataset,Staphylococcus aureus,BPH2819,,Pooled sera,4,Metabolomics,LC-MS,MA,,31/7/17,31/7/17
102.100.100.50526,Main dataset,Staphylococcus aureus,BPH2819,,Pooled sera,3,Metabolomics,LC-MS,MA,,31/7/17,31/7/17
102.100.100.50525,Main dataset,Staphylococcus aureus,BPH2819,,Pooled sera,2,Metabolomics,LC-MS,MA,,31/7/17,31/7/17
102.100.100.50629,Main dataset,Staphylococcus aureus,BPH2819,,Pooled sera,1,Metabolomics,LC-MS,MA,,31/7/17,31/7/17
102.100.100.50523,Main dataset,Staphylococcus aureus,BPH2819,,RPMI,6,Metabolomics,LC-MS,MA,,31/7/17,31/7/17
102.100.100.50522,Main dataset,Staphylococcus aureus,BPH2819,,RPMI,5,Metabolomics,LC-MS,MA,,31/7/17,31/7/17
102.100.100.50521,Main dataset,Staphylococcus aureus,BPH2819,,RPMI,4,Metabolomics,LC-MS,MA,,31/7/17,31/7/17
102.100.100.50520,Main dataset,Staphylococcus aureus,BPH2819,,RPMI,3,Metabolomics,LC-MS,MA,,31/7/17,31/7/17
102.100.100.50519,Main dataset,Staphylococcus aureus,BPH2819,,RPMI,2,Metabolomics,LC-MS,MA,,31/7/17,31/7/17
102.100.100.50518,Main dataset,Staphylococcus aureus,BPH2819,,RPMI,1,Metabolomics,LC-MS,MA,,31/7/17,31/7/17
102.100.100.50517,Main dataset,Staphylococcus aureus,BPH2760,,Pooled sera,6,Metabolomics,LC-MS,MA,,31/7/17,31/7/17
102.100.100.50516,Main dataset,Staphylococcus aureus,BPH2760,,Pooled sera,5,Metabolomics,LC-MS,MA,,31/7/17,31/7/17
102.100.100.50515,Main dataset,Staphylococcus aureus,BPH2760,,Pooled sera,4,Metabolomics,LC-MS,MA,,31/7/17,31/7/17
102.100.100.50514,Main dataset,Staphylococcus aureus,BPH2760,,Pooled sera,3,Metabolomics,LC-MS,MA,,31/7/17,31/7/17
102.100.100.50513,Main dataset,Staphylococcus aureus,BPH2760,,Pooled sera,2,Metabolomics,LC-MS,MA,,31/7/17,31/7/17
102.100.100.50512,Main dataset,Staphylococcus aureus,BPH2760,,Pooled sera,1,Metabolomics,LC-MS,MA,,31/7/17,31/7/17
102.100.100.50511,Main dataset,Staphylococcus aureus,BPH2760,,RPMI,6,Metabolomics,LC-MS,MA,,31/7/17,31/7/17
102.100.100.50510,Main dataset,Staphylococcus aureus,BPH2760,,RPMI,5,Metabolomics,LC-MS,MA,,31/7/17,31/7/17
102.100.100.50509,Main dataset,Staphylococcus aureus,BPH2760,,RPMI,4,Metabolomics,LC-MS,MA,,31/7/17,31/7/17
102.100.100.50508,Main dataset,Staphylococcus aureus,BPH2760,,RPMI,3,Metabolomics,LC-MS,MA,,31/7/17,31/7/17
102.100.100.50507,Main dataset,Staphylococcus aureus,BPH2760,,RPMI,2,Metabolomics,LC-MS,MA,,31/7/17,31/7/17
102.100.100.50506,Main dataset,Staphylococcus aureus,BPH2760,,RPMI,1,Metabolomics,LC-MS,MA,,31/7/17,31/7/17
102.100.100.26047,Pilot,Eshcherichia coli,MS14387,,Pooled sera,1,Metabolomics,LC-MS,MA,,24/7/17,24/7/17
102.100.100.26046,Pilot,Eshcherichia coli,MS14386,,Pooled sera,1,Metabolomics,LC-MS,MA,,24/7/17,24/7/17
102.100.100.26045,Pilot,Eshcherichia coli,MS14385,,Pooled sera,1,Metabolomics,LC-MS,MA,,24/7/17,24/7/17
102.100.100.26044,Pilot,Eshcherichia coli,MS14384,,Pooled sera,1,Metabolomics,LC-MS,MA,,24/7/17,24/7/17
102.100.100.26043,Pilot,Eshcherichia coli,B36,,Pooled sera,1,Metabolomics,LC-MS,MA,,24/7/17,24/7/17
102.100.100.50079,Pilot,Streptococcus pneumoniae,4559,14,RPMI + glucose,4,Metabolomics,LC-MS,MA,,30/6/17,29/6/17
102.100.100.50078,Pilot,Streptococcus pneumoniae,4559,14,RPMI + glucose,3,Metabolomics,LC-MS,MA,,30/6/17,29/6/17
102.100.100.50077,Pilot,Streptococcus pneumoniae,4559,14,RPMI + glucose,2,Metabolomics,LC-MS,MA,,30/6/17,29/6/17
102.100.100.50076,Pilot,Streptococcus pneumoniae,4559,14,RPMI + glucose,1,Metabolomics,LC-MS,MA,,30/6/17,29/6/17
102.100.100.50060,Pilot,Streptococcus pneumoniae,180/15,3,Pooled sera,1,Metabolomics,LC-MS,MA,,9/6/17,9/6/17
102.100.100.50059,Pilot,Streptococcus pneumoniae,180/2,3,Pooled sera,1,Metabolomics,LC-MS,MA,,9/6/17,9/6/17
102.100.100.50058,Pilot,Streptococcus pneumoniae,4559,14,Pooled sera,1,Metabolomics,LC-MS,MA,,9/6/17,9/6/17
102.100.100.50057,Pilot,Streptococcus pneumoniae,947,14,Pooled sera,1,Metabolomics,LC-MS,MA,,9/6/17,9/6/17
102.100.100.50056,Pilot,Streptococcus pneumoniae,4496,1,Pooled sera,1,Metabolomics,LC-MS,MA,,9/6/17,9/6/17
102.100.100.50055,Pilot,Streptococcus pneumoniae,180/15,3,RPMI + galactose,1,Metabolomics,LC-MS,MA,,9/6/17,9/6/17
102.100.100.50054,Pilot,Streptococcus pneumoniae,180/2,3,RPMI + galactose,1,Metabolomics,LC-MS,MA,,9/6/17,9/6/17
102.100.100.50053,Pilot,Streptococcus pneumoniae,4559,14,RPMI + galactose,1,Metabolomics,LC-MS,MA,,9/6/17,9/6/17
102.100.100.50052,Pilot,Streptococcus pneumoniae,947,14,RPMI + galactose,1,Metabolomics,LC-MS,MA,,9/6/17,9/6/17
102.100.100.50051,Pilot,Streptococcus pneumoniae,4496,1,RPMI + galactose,1,Metabolomics,LC-MS,MA,,9/6/17,9/6/17
102.100.100.50050,Pilot,Streptococcus pneumoniae,180/15,3,RPMI + glucose,1,Metabolomics,LC-MS,MA,,9/6/17,9/6/17
102.100.100.50049,Pilot,Streptococcus pneumoniae,180/2,3,RPMI + glucose,1,Metabolomics,LC-MS,MA,,9/6/17,9/6/17
102.100.100.50048,Pilot,Streptococcus pneumoniae,4559,14,RPMI + glucose,1,Metabolomics,LC-MS,MA,,9/6/17,9/6/17
102.100.100.50047,Pilot,Streptococcus pneumoniae,947,14,RPMI + glucose,1,Metabolomics,LC-MS,MA,,9/6/17,9/6/17
102.100.100.50046,Pilot,Streptococcus pneumoniae,4496,1,RPMI + glucose,1,Metabolomics,LC-MS,MA,,9/6/17,9/6/17
102.100.100.26024,Pilot,Eshcherichia coli,MS14387,,Pooled sera,1,Metabolomics,LC-MS,MA,,9/6/17,8/6/17
102.100.100.26023,Pilot,Eshcherichia coli,MS14386,,Pooled sera,1,Metabolomics,LC-MS,MA,,9/6/17,8/6/17
102.100.100.26022,Pilot,Eshcherichia coli,MS14385,,Pooled sera,1,Metabolomics,LC-MS,MA,,9/6/17,8/6/17
102.100.100.26021,Pilot,Eshcherichia coli,MS14384,,Pooled sera,1,Metabolomics,LC-MS,MA,,9/6/17,8/6/17
102.100.100.26020,Pilot,Eshcherichia coli,B36,,Pooled sera,1,Metabolomics,LC-MS,MA,,9/6/17,8/6/17
102.100.100.26011,Pilot,Klebsiella pneumoniae,04153260899A,,Pooled sera,1,Metabolomics,LC-MS,MA,,1/6/17,1/6/17
102.100.100.26010,Pilot,Klebsiella pneumoniae,03-311-0071,,Pooled sera,1,Metabolomics,LC-MS,MA,,1/6/17,1/6/17
102.100.100.26009,Pilot,Klebsiella pneumoniae,AJ292,,Pooled sera,1,Metabolomics,LC-MS,MA,,1/6/17,1/6/17
102.100.100.26008,Pilot,Klebsiella pneumoniae,AJ055,,Pooled sera,1,Metabolomics,LC-MS,MA,,1/6/17,1/6/17
102.100.100.25989,Pilot,Staphylococcus aureus,BPH2819,,Pooled sera,1,Metabolomics,LC-MS,MA,,26/5/17,26/5/17
102.100.100.25988,Pilot,Staphylococcus aureus,BPH2947,,Pooled sera,1,Metabolomics,LC-MS,MA,,26/5/17,26/5/17
102.100.100.25987,Pilot,Staphylococcus aureus,BPH2986,,Pooled sera,1,Metabolomics,LC-MS,MA,,26/5/17,26/5/17
102.100.100.26007,Pilot,Klebsiella pneumoniae,KPC2,,Pooled sera,4,Metabolomics,LC-MS,MA,,13/4/17,13/4/17
102.100.100.26006,Pilot,Klebsiella pneumoniae,KPC2,,Pooled sera,3,Metabolomics,LC-MS,MA,,13/4/17,13/4/17
102.100.100.26005,Pilot,Klebsiella pneumoniae,KPC2,,Pooled sera,2,Metabolomics,LC-MS,MA,,13/4/17,13/4/17
102.100.100.26004,Pilot,Klebsiella pneumoniae,KPC2,,Pooled sera,1,Metabolomics,LC-MS,MA,,13/4/17,13/4/17
102.100.100.26003,Pilot,Klebsiella pneumoniae,KPC2,,Pooled sera,2,Metabolomics,LC-MS,MA,,13/4/17,13/4/17
102.100.100.26002,Pilot,Klebsiella pneumoniae,KPC2,,Pooled sera,1,Metabolomics,LC-MS,MA,,13/4/17,13/4/17
102.100.100.25932,Pilot,Klebsiella pneumoniae,AJ218,,Pooled sera,6,Metabolomics,LC-MS,MA,,22/3/17,22/3/17
102.100.100.25931,Pilot,Klebsiella pneumoniae,AJ218,,Pooled sera,5,Metabolomics,LC-MS,MA,,22/3/17,22/3/17
102.100.100.25930,Pilot,Klebsiella pneumoniae,AJ218,,Pooled sera,4,Metabolomics,LC-MS,MA,,22/3/17,22/3/17
102.100.100.25929,Pilot,Klebsiella pneumoniae,AJ218,,Pooled sera,3,Metabolomics,LC-MS,MA,,22/3/17,22/3/17
102.100.100.25928,Pilot,Klebsiella pneumoniae,AJ218,,Pooled sera,2,Metabolomics,LC-MS,MA,,22/3/17,22/3/17
102.100.100.25927,Pilot,Klebsiella pneumoniae,AJ218,,Pooled sera,1,Metabolomics,LC-MS,MA,,22/3/17,22/3/17
102.100.100.25926,Pilot,Klebsiella pneumoniae,KPC2,,Pooled sera,6,Metabolomics,LC-MS,MA,,22/3/17,22/3/17
102.100.100.25925,Pilot,Klebsiella pneumoniae,KPC2,,Pooled sera,5,Metabolomics,LC-MS,MA,,22/3/17,22/3/17
102.100.100.25924,Pilot,Klebsiella pneumoniae,KPC2,,Pooled sera,4,Metabolomics,LC-MS,MA,,22/3/17,22/3/17
102.100.100.25923,Pilot,Klebsiella pneumoniae,KPC2,,Pooled sera,3,Metabolomics,LC-MS,MA,,22/3/17,22/3/17
102.100.100.25922,Pilot,Klebsiella pneumoniae,KPC2,,Pooled sera,2,Metabolomics,LC-MS,MA,,22/3/17,22/3/17
102.100.100.25921,Pilot,Klebsiella pneumoniae,KPC2,,Pooled sera,1,Metabolomics,LC-MS,MA,,22/3/17,22/3/17
102.100.100.25920,Pilot,Staphylococcus aureus,BPH2760,,Pooled sera,6,Metabolomics,LC-MS,MA,,22/3/17,22/3/17
102.100.100.25919,Pilot,Staphylococcus aureus,BPH2760,,Pooled sera,5,Metabolomics,LC-MS,MA,,22/3/17,22/3/17
102.100.100.25918,Pilot,Staphylococcus aureus,BPH2760,,Pooled sera,4,Metabolomics,LC-MS,MA,,22/3/17,22/3/17
102.100.100.25917,Pilot,Staphylococcus aureus,BPH2760,,Pooled sera,3,Metabolomics,LC-MS,MA,,22/3/17,22/3/17
102.100.100.25916,Pilot,Staphylococcus aureus,BPH2760,,Pooled sera,2,Metabolomics,LC-MS,MA,,22/3/17,22/3/17
102.100.100.25915,Pilot,Staphylococcus aureus,BPH2760,,Pooled sera,1,Metabolomics,LC-MS,MA,,22/3/17,22/3/17
102.100.100.25914,Pilot,Staphylococcus aureus,BPH2900,,Pooled sera,6,Metabolomics,LC-MS,MA,,22/3/17,22/3/17
102.100.100.25913,Pilot,Staphylococcus aureus,BPH2900,,Pooled sera,5,Metabolomics,LC-MS,MA,,22/3/17,22/3/17
102.100.100.25912,Pilot,Staphylococcus aureus,BPH2900,,Pooled sera,4,Metabolomics,LC-MS,MA,,22/3/17,22/3/17
102.100.100.25911,Pilot,Staphylococcus aureus,BPH2900,,Pooled sera,3,Metabolomics,LC-MS,MA,,22/3/17,22/3/17
102.100.100.25910,Pilot,Staphylococcus aureus,BPH2900,,Pooled sera,2,Metabolomics,LC-MS,MA,,22/3/17,22/3/17
102.100.100.25909,Pilot,Staphylococcus aureus,BPH2900,,Pooled sera,1,Metabolomics,LC-MS,MA,,22/3/17,22/3/17
102.100.100.25856,Pre-pilot,Klebsiella pneumoniae,,,LB ,7,Metabolomics,LC-MS,MA,N/A,29/9/16,8/11/15
102.100.100.25855,Pre-pilot,Klebsiella pneumoniae,,,LB ,6,Metabolomics,LC-MS,MA,N/A,29/9/16,8/11/15
102.100.100.25854,Pre-pilot,Klebsiella pneumoniae,,,LB ,5,Metabolomics,LC-MS,MA,N/A,29/9/16,8/11/15
102.100.100.25853,Pre-pilot,Klebsiella pneumoniae,,,LB ,4,Metabolomics,LC-MS,MA,N/A,29/9/16,8/11/15
102.100.100.25852,Pre-pilot,Klebsiella pneumoniae,,,LB ,3,Metabolomics,LC-MS,MA,N/A,29/9/16,8/11/15
102.100.100.25851,Pre-pilot,Klebsiella pneumoniae,,,LB ,2,Metabolomics,LC-MS,MA,N/A,29/9/16,8/11/15
102.100.100.25850,Pre-pilot,Klebsiella pneumoniae,,,LB ,1,Metabolomics,LC-MS,MA,N/A,29/9/16,8/11/15
102.100.100.25849,Pre-pilot,Klebsiella pneumoniae,,,LB ,7,Metabolomics,LC-MS,MA,N/A,29/9/16,8/11/15
102.100.100.25848,Pre-pilot,Klebsiella pneumoniae,,,LB ,6,Metabolomics,LC-MS,MA,N/A,29/9/16,8/11/15
102.100.100.25847,Pre-pilot,Klebsiella pneumoniae,,,LB ,5,Metabolomics,LC-MS,MA,N/A,29/9/16,8/11/15
102.100.100.25846,Pre-pilot,Klebsiella pneumoniae,,,LB ,4,Metabolomics,LC-MS,MA,N/A,29/9/16,8/11/15
102.100.100.25845,Pre-pilot,Klebsiella pneumoniae,,,LB ,3,Metabolomics,LC-MS,MA,N/A,29/9/16,8/11/15
102.100.100.25844,Pre-pilot,Klebsiella pneumoniae,,,LB ,2,Metabolomics,LC-MS,MA,N/A,29/9/16,8/11/15
102.100.100.25843,Pre-pilot,Klebsiella pneumoniae,,,LB ,1,Metabolomics,LC-MS,MA,N/A,29/9/16,8/11/15
102.100.100.25842,Pre-pilot,Escherichia coli,,,LB ,6,Metabolomics,LC-MS,MA,N/A,29/9/16,8/11/15
102.100.100.25841,Pre-pilot,Escherichia coli,,,LB ,5,Metabolomics,LC-MS,MA,N/A,29/9/16,8/11/15
102.100.100.25840,Pre-pilot,Escherichia coli,,,LB ,4,Metabolomics,LC-MS,MA,N/A,29/9/16,8/11/15
102.100.100.25839,Pre-pilot,Escherichia coli,,,LB ,3,Metabolomics,LC-MS,MA,N/A,29/9/16,8/11/15
102.100.100.25838,Pre-pilot,Escherichia coli,,,LB ,2,Metabolomics,LC-MS,MA,N/A,29/9/16,8/11/15
102.100.100.25837,Pre-pilot,Escherichia coli,,,LB ,1,Metabolomics,LC-MS,MA,N/A,29/9/16,8/11/15
102.100.100.25860,Pilot,Staphylococcus aureus,BPH2760,ST1,RPMI,6,Metabolomics,LC-MS,MA,,6/9/16,30/8/16
102.100.100.25859,Pilot,Staphylococcus aureus,BPH2760,ST1,RPMI,5,Metabolomics,LC-MS,MA,,6/9/16,30/8/16
102.100.100.25858,Pilot,Staphylococcus aureus,BPH2760,ST1,RPMI,4,Metabolomics,LC-MS,MA,,6/9/16,30/8/16
102.100.100.25857,Pilot,Staphylococcus aureus,BPH2760,ST1,RPMI,3,Metabolomics,LC-MS,MA,,6/9/16,30/8/16
102.100.100.25836,Pilot,Staphylococcus aureus,BPH2760,ST1,RPMI,2,Metabolomics,LC-MS,MA,,6/9/16,30/8/16
102.100.100.25835,Pilot,Staphylococcus aureus,BPH2760,ST1,RPMI,1,Metabolomics,LC-MS,MA,,6/9/16,30/8/16
102.100.100.25834,Pilot,Staphylococcus aureus,BPH2900,ST22,RPMI,6,Metabolomics,LC-MS,MA,,6/9/16,30/8/16
102.100.100.25833,Pilot,Staphylococcus aureus,BPH2900,ST22,RPMI,5,Metabolomics,LC-MS,MA,,6/9/16,30/8/16
102.100.100.25832,Pilot,Staphylococcus aureus,BPH2900,ST22,RPMI,4,Metabolomics,LC-MS,MA,,6/9/16,30/8/16
102.100.100.25831,Pilot,Staphylococcus aureus,BPH2900,ST22,RPMI,3,Metabolomics,LC-MS,MA,,6/9/16,30/8/16
102.100.100.25830,Pilot,Staphylococcus aureus,BPH2900,ST22,RPMI,2,Metabolomics,LC-MS,MA,,6/9/16,30/8/16
102.100.100.25829,Pilot,Staphylococcus aureus,BPH2900,ST22,RPMI,1,Metabolomics,LC-MS,MA,,6/9/16,30/8/16
102.100.100.25828,Pilot,Klebsiella pneumoniae,KPC2,Unknown,RPMI,6,Metabolomics,LC-MS,MA,,6/9/16,30/8/16
102.100.100.25827,Pilot,Klebsiella pneumoniae,KPC2,Unknown,RPMI,5,Metabolomics,LC-MS,MA,,6/9/16,30/8/16
102.100.100.25826,Pilot,Klebsiella pneumoniae,KPC2,Unknown,RPMI,4,Metabolomics,LC-MS,MA,,6/9/16,30/8/16
102.100.100.25825,Pilot,Klebsiella pneumoniae,KPC2,Unknown,RPMI,3,Metabolomics,LC-MS,MA,,6/9/16,30/8/16
102.100.100.25824,Pilot,Klebsiella pneumoniae,KPC2,Unknown,RPMI,2,Metabolomics,LC-MS,MA,,6/9/16,30/8/16
102.100.100.25823,Pilot,Klebsiella pneumoniae,KPC2,Unknown,RPMI,1,Metabolomics,LC-MS,MA,,6/9/16,30/8/16
102.100.100.25822,Pilot,Klebsiella pneumoniae,AJ218,K54,RPMI,6,Metabolomics,LC-MS,MA,,6/9/16,30/8/16
102.100.100.25821,Pilot,Klebsiella pneumoniae,AJ218,K54,RPMI,5,Metabolomics,LC-MS,MA,,6/9/16,30/8/16
102.100.100.25820,Pilot,Klebsiella pneumoniae,AJ218,K54,RPMI,4,Metabolomics,LC-MS,MA,,6/9/16,30/8/16
102.100.100.25819,Pilot,Klebsiella pneumoniae,AJ218,K54,RPMI,3,Metabolomics,LC-MS,MA,,6/9/16,30/8/16
102.100.100.25818,Pilot,Klebsiella pneumoniae,AJ218,K54,RPMI,2,Metabolomics,LC-MS,MA,,6/9/16,30/8/16
102.100.100.25817,Pilot,Klebsiella pneumoniae,AJ218,K54,RPMI,1,Metabolomics,LC-MS,MA,,6/9/16,30/8/16
51578,Main dataset,Klebsiella pneumoniae,03-311-0071,,Pooled sera,4,Metabolomics,LC-MS,MA,,17/8/18,2018-08-21
51579,Main dataset,Klebsiella pneumoniae,03-311-0071,,Pooled sera,5,Metabolomics,LC-MS,MA,,17/8/18,2018-08-21
51580,Main dataset,Klebsiella pneumoniae,03-311-0071,,Pooled sera,6,Metabolomics,LC-MS,MA,,17/8/18,2018-08-21
51581,Main dataset,Klebsiella pneumoniae,04153260899A,,RPMI,1,Metabolomics,LC-MS,MA,,17/8/18,2018-08-21
51582,Main dataset,Klebsiella pneumoniae,04153260899A,,RPMI,2,Metabolomics,LC-MS,MA,,17/8/18,2018-08-21
51583,Main dataset,Klebsiella pneumoniae,04153260899A,,RPMI,3,Metabolomics,LC-MS,MA,,17/8/18,2018-08-21
51584,Main dataset,Klebsiella pneumoniae,04153260899A,,RPMI,4,Metabolomics,LC-MS,MA,,17/8/18,2018-08-21
51585,Main dataset,Klebsiella pneumoniae,04153260899A,,RPMI,5,Metabolomics,LC-MS,MA,,17/8/18,2018-08-21
51586,Main dataset,Klebsiella pneumoniae,04153260899A,,RPMI,6,Metabolomics,LC-MS,MA,,17/8/18,2018-08-21
51587,Main dataset,Klebsiella pneumoniae,04153260899A,,Pooled sera,1,Metabolomics,LC-MS,MA,,17/8/18,2018-08-21
51588,Main dataset,Klebsiella pneumoniae,04153260899A,,Pooled sera,2,Metabolomics,LC-MS,MA,,17/8/18,2018-08-21
51589,Main dataset,Klebsiella pneumoniae,04153260899A,,Pooled sera,3,Metabolomics,LC-MS,MA,,17/8/18,2018-08-21
51590,Main dataset,Klebsiella pneumoniae,04153260899A,,Pooled sera,4,Metabolomics,LC-MS,MA,,17/8/18,2018-08-21
51591,Main dataset,Klebsiella pneumoniae,04153260899A,,Pooled sera,5,Metabolomics,LC-MS,MA,,17/8/18,2018-08-21
51592,Main dataset,Klebsiella pneumoniae,04153260899A,,Pooled sera,6,Metabolomics,LC-MS,MA,,17/8/18,2018-08-21